Date,y_true,y_pred
2019-10-28,6.934758210214972e-07,3.52219972857707e-05
2019-10-29,1.0550084755962986e-05,3.2654700175412356e-05
2019-10-30,9.165384685903555e-06,3.071481232771889e-05
2019-10-31,9.24661205279582e-05,2.8941821380637943e-05
2019-11-01,1.3669626544903332e-05,3.012823765673424e-05
2019-11-04,1.4075513946139038e-06,2.8554681511863932e-05
2019-11-05,4.931558943697989e-07,2.7193357938579803e-05
2019-11-06,7.433121972628213e-06,2.6466187737787895e-05
2019-11-07,6.540310846653125e-06,2.545965657553142e-05
2019-11-08,3.858849339945703e-06,2.4640395084042045e-05
2019-11-11,2.44429241893321e-06,2.3964252881537755e-05
2019-11-12,5.05921471988603e-07,2.4516692711192783e-05
2019-11-13,7.000545310853327e-07,2.3844960126040315e-05
2019-11-14,5.876799722470101e-05,2.328464745272373e-05
2019-11-15,2.530354814404949e-07,2.2818267451820338e-05
2019-11-18,3.513763910906371e-07,2.2544474456901962e-05
2019-11-19,1.4162098889751135e-05,2.2216105316516242e-05
2019-11-20,2.5090752810828244e-06,2.2040601600775807e-05
2019-11-21,4.720077535091771e-06,2.5925999218372496e-05
2019-11-22,5.5939208796183794e-05,2.5693637530350312e-05
2019-11-25,4.809966773484263e-06,2.477325302495282e-05
2019-11-26,1.7353353299891585e-05,2.409833402498101e-05
2019-11-27,1.615466179857593e-05,2.347309367687449e-05
2019-11-29,7.514260955253711e-05,2.2978721511397915e-05
2019-12-02,4.43586004878798e-05,2.726019430258329e-05
2019-12-03,3.9736099248604574e-05,4.796530373064657e-05
2019-12-04,2.247381542147146e-06,5.58547103571846e-05
2019-12-05,8.270531086191039e-05,4.939585350728629e-05
2019-12-06,1.0035170252498233e-05,4.411172344165726e-05
2019-12-09,1.2045856422251588e-06,3.986045083316031e-05
2019-12-10,8.432853174367565e-06,3.926230978385446e-05
2019-12-11,7.290884055037448e-05,3.621011860896675e-05
2019-12-12,5.267733045959213e-09,3.337249959115754e-05
2019-12-13,5.072802539585306e-05,3.1094517772439375e-05
2019-12-16,1.123831947779881e-07,2.919002619415412e-05
2019-12-17,1.869642603645884e-07,2.7675761212963372e-05
2019-12-18,1.979697190046593e-05,2.6392470232930205e-05
2019-12-19,2.4330501368933657e-05,2.5390272197051576e-05
2019-12-20,7.495554666581708e-07,2.4537175189642618e-05
2019-12-23,3.8207466334290144e-08,2.384707210512627e-05
2019-12-24,2.6163863458747377e-05,2.3244750602759214e-05
2019-12-26,1.1549217482299194e-09,2.275376855520689e-05
2019-12-27,3.361212029928082e-05,2.238284513711358e-05
2019-12-30,8.653543846118428e-06,2.2029525283087093e-05
2019-12-31,6.962058981727568e-05,3.157718001606431e-05
2020-01-02,5.0195940709611095e-05,2.9550427594801126e-05
2020-01-03,1.244075322148074e-05,2.7958757083071445e-05
2020-01-06,7.880231955568723e-06,4.1249534802578766e-05
2020-01-07,2.391673091376176e-05,3.74468967027561e-05
2020-01-08,4.3999529520725245e-05,3.663593947432915e-05
2020-01-09,8.175381972460955e-06,3.369982030903167e-05
2020-01-10,4.833022121470713e-05,3.1318337768858565e-05
2020-01-13,2.2972883993327984e-06,3.172214156559113e-05
2020-01-14,3.491106313136428e-06,2.970727873492891e-05
2020-01-15,6.941801510788022e-05,2.869490635354523e-05
2020-01-16,1.4858891314691317e-05,2.719713755436365e-05
2020-01-17,7.051682212864633e-06,2.6040704559449124e-05
2020-01-21,8.354082465815695e-08,2.504500003471456e-05
2020-01-22,1.300343827258395e-06,2.6264649843258036e-05
2020-01-23,8.250614680000101e-05,2.520157139371698e-05
2020-01-24,0.0002514048828015,2.4326572807679063e-05
2020-01-27,0.0001000676814551,4.765783181568508e-05
2020-01-28,7.521228115488135e-07,0.0001165631608344837
2020-01-29,9.793500678042494e-06,9.879868997415367e-05
2020-01-30,0.0003191383441143,8.444467515429497e-05
2020-01-31,5.225013898564329e-05,7.26196956091707e-05
2020-02-03,0.0002210965558546,0.000156703024300121
2020-02-04,0.0001251663913221,0.000131378347697095
2020-02-05,1.1023429602538205e-05,0.00011105433333501638
2020-02-06,2.9327542873541302e-05,9.43714685250728e-05
2020-02-07,5.3285475856401906e-05,8.07134911232733e-05
2020-02-10,2.8461332689452012e-06,7.818056813503259e-05
2020-02-11,4.149747142901438e-05,6.755443004197462e-05
2020-02-12,2.6626940890200776e-06,5.886847951336408e-05
2020-02-13,3.3923602136836127e-06,5.181063077865051e-05
2020-02-14,8.551027436783932e-06,4.68030584139785e-05
2020-02-18,2.2040661452796533e-05,4.1938493132470965e-05
2020-02-19,1.4613933087796364e-05,4.047993846007929e-05
2020-02-20,0.000111805441692,3.679931758172295e-05
2020-02-21,0.0011619971585742,3.808374172553314e-05
2020-02-24,0.0009454336234758,6.7681317955726e-05
2020-02-25,1.4331504225376838e-05,0.00041157408777648763
2020-02-26,0.0020401605415365,0.0006275005640318563
2020-02-27,6.843364590056455e-05,0.0005151299167565681
2020-02-28,0.0020259783073773,0.001050713741487229
2020-03-02,0.0008128477505397,0.0008732304121168756
2020-03-03,0.0017086937784643,0.0007136148997687172
2020-03-04,0.0011909941046197,0.0008316557051418371
2020-03-05,0.0002958724625325,0.0006786822498717684
2020-03-06,0.006242645353008,0.0009216500922709096
2020-03-09,0.0023246912804283,0.0008401538315545838
2020-03-10,0.0025102998677906,0.0026462375894868396
2020-03-11,0.009988973521752,0.002142597842195974
2020-03-12,0.007886933144861,0.0025232731642381707
2020-03-13,0.016295083519639,0.0052181413558088415
2020-03-16,0.0033903034831493,0.004224082261159906
2020-03-17,0.0028326102721901,0.008650872505779264
2020-03-18,2.205956361308583e-05,0.00696891678498316
2020-03-19,0.0019649382542166,0.006521804660858612
2020-03-20,0.0008839621522824,0.005256882136339997
2020-03-23,0.008043082194871,0.004866378731538244
2020-03-24,0.0001315377412729,0.004207173434161924
2020-03-25,0.0036655554811469,0.0034052559452923546
2020-03-26,0.0011742852380647,0.0027476332465263273
2020-03-27,0.0010867960938083,0.0022234974952448777
2020-03-30,0.0002605741975898,0.0021681483402182606
2020-03-31,0.0020381940680003,0.0017510116769248122
2020-04-01,0.0005095248466111,0.0014944915647468046
2020-04-02,0.0002326497633756,0.0018581467649034927
2020-04-03,0.0046196822121313,0.001500392682065067
2020-04-06,2.5739037821026223e-06,0.0012847582560561487
2020-04-07,0.0011215379827876,0.001049280718276522
2020-04-08,0.0002068842179774,0.0008477846260473823
2020-04-09,0.0001031455434438,0.0006892778054948447
2020-04-13,0.000906886698234,0.0005571164189264716
2020-04-14,0.0004962528185561,0.0004825365524621917
2020-04-15,3.363811896497638e-05,0.00039611021063976033
2020-04-16,0.000699122886156,0.0004817865891361672
2020-04-17,0.0003255442778992,0.0003909417926164386
2020-04-20,0.000970641205389,0.0003206446687792497
2020-04-21,0.0005139878700855,0.00036592325979603846
2020-04-22,2.9113325992941585e-07,0.0006082358274353154
2020-04-23,0.0001910501876379,0.0004949442950685291
2020-04-24,0.0002133605980786,0.00040305537406773857
2020-04-27,2.7627325071333422e-05,0.00032902004607295504
2020-04-28,0.0006883646391487,0.0002693128044651897
2020-04-29,8.56576778562458e-05,0.00022941644155062956
2020-04-30,0.0008099836110055,0.00019051936014287908
2020-05-01,1.798457614528162e-05,0.00018447795054619596
2020-05-04,8.099883356423685e-05,0.0004094403534303994
2020-05-05,4.905434064409383e-05,0.0003347106322016706
2020-05-06,0.0001308497087623,0.00027447497746144536
2020-05-07,0.0002799195035145,0.00024111085144981143
2020-05-08,1.7707456378253697e-08,0.00019885902197250787
2020-05-11,0.0004290435216066,0.00016491870568556842
2020-05-12,0.0003103585700599,0.00013702858052170124
2020-05-13,0.0001313067972404,0.00024947499153127155
2020-05-14,1.535601535227192e-05,0.00030290843251887
2020-05-15,0.0009619431750512,0.00024896129486865653
2020-05-18,0.0001110862818241,0.00020527931237724668
2020-05-19,0.0002727118859799,0.00017081812870994398
2020-05-20,6.090192138275245e-05,0.00017690395825564105
2020-05-21,5.526945622341201e-06,0.00014725021098447046
2020-05-22,0.0001491887585854,0.00014209885836830732
2020-05-26,0.0002166326965251,0.00011882675933636892
2020-05-27,4.452687970572388e-06,0.00010014992286559226
2020-05-28,2.304761873187996e-05,8.518651556152395e-05
2020-05-29,1.4019157036848222e-05,7.412366439050566e-05
2020-06-01,6.686835439079686e-05,6.380179398446918e-05
2020-06-02,0.0001837833235201,5.542026092751273e-05
2020-06-03,1.1386501687578744e-05,4.87846429174916e-05
2020-06-04,0.0006694645394942,4.3783692153749345e-05
2020-06-05,0.000143272674473,4.2824836134488214e-05
2020-06-08,6.130488201867094e-05,4.001850584377953e-05
2020-06-09,2.8379653668027164e-05,3.669427864584903e-05
2020-06-10,0.0036908897063013,5.211112057706364e-05
2020-06-11,0.0001683840140605,5.4825879458937164e-05
2020-06-12,6.852297972508512e-05,0.0012168999805035317
2020-06-15,0.0003528706972239,0.0009844122052619717
2020-06-16,1.3008979063711116e-05,0.0007971366116632756
2020-06-17,3.528875656015661e-07,0.0006538552489495697
2020-06-18,3.209804396283633e-05,0.0005351105323932745
2020-06-19,4.191388401383551e-05,0.0004355229680896805
2020-06-22,1.8474258398624725e-05,0.0003650662825365691
2020-06-23,0.0006861919396272,0.00029901711428475375
2020-06-24,0.0001188062445048,0.00024501063753134546
2020-06-25,0.0006014856447221,0.0004143496790206288
2020-06-26,0.0002125439786269,0.00034077196054923376
2020-06-29,0.0002338559512652,0.0004646760873819695
2020-06-30,2.5095731228350476e-05,0.0003834661296319897
2020-07-01,2.0529693461779708e-05,0.00031842673985192074
2020-07-02,0.0002482808692495,0.00026139353381907045
2020-07-06,0.0001183195248045,0.00021510357929136414
2020-07-07,6.079299479212919e-05,0.00018280140831067638
2020-07-08,3.203097567742654e-05,0.0001876664802207567
2020-07-09,0.0001084057827792,0.00015643064190331985
2020-07-10,8.848497422079827e-05,0.00013967219161104872
2020-07-13,0.0001773504948153,0.00011873237168341446
2020-07-14,8.174071052639754e-05,0.0001267852427145979
2020-07-15,1.1641165428303284e-05,0.00010992159266582258
2020-07-16,8.091536314678343e-06,9.417449421311073e-05
2020-07-17,7.008698928117765e-05,8.318878741346104e-05
2020-07-20,2.8144401841775476e-06,7.087836010620516e-05
2020-07-21,3.2840127010303436e-05,6.24282969239961e-05
2020-07-22,0.0001536701977396,5.4002262997595174e-05
2020-07-23,3.855962923108407e-05,4.794740257777618e-05
2020-07-24,5.428637511842948e-05,9.018191520464777e-05
2020-07-27,4.2177691406975536e-05,8.841243389644299e-05
2020-07-28,0.0001525665519684,7.626168023106894e-05
2020-07-29,1.4117316541664647e-05,7.829595235693911e-05
2020-07-30,5.8388491308738014e-05,7.02002660503565e-05
2020-07-31,5.119921485851559e-05,6.47696895984916e-05
2020-08-03,1.2999075197373909e-05,5.728030206361168e-05
2020-08-04,4.1077337488196216e-05,5.108670933743615e-05
2020-08-05,4.105126384468621e-05,4.526756676273832e-05
2020-08-06,4.004728849144534e-07,4.117770064952292e-05
2020-08-07,7.499192053574828e-06,3.788133071878122e-05
2020-08-10,6.401688753591774e-05,3.433046570810011e-05
2020-08-11,0.0001931961640101,3.1617757227792106e-05
2020-08-12,4.199518501242577e-06,4.909558644343144e-05
2020-08-13,2.9548714847189414e-08,4.746328625042139e-05
2020-08-14,7.323396701686199e-06,4.334931677036965e-05
2020-08-17,5.293406479375537e-06,3.876087250023324e-05
2020-08-18,1.9484484906478647e-05,3.5210458062213536e-05
2020-08-19,9.945538397908335e-06,3.230249550685458e-05
2020-08-20,1.1800598923023288e-05,3.5883426052722794e-05
2020-08-21,9.98723480616022e-05,3.2940031282248e-05
2020-08-24,1.288738018302914e-05,3.060015588683613e-05
2020-08-25,0.0001029007632841,3.054977150755102e-05
2020-08-26,2.7944004556639785e-06,2.8698027966749785e-05
2020-08-27,4.502413824123031e-05,2.9142982657521322e-05
2020-08-28,4.828457661943686e-06,2.733711605052e-05
2020-08-31,5.620248135048818e-05,2.6817094581163198e-05
2020-09-01,0.0002325335302902,2.6904663978960476e-05
2020-09-02,0.0012786055388373,2.6705988392343288e-05
2020-09-03,6.668814135762868e-05,3.092919321975606e-05
2020-09-04,0.0007923565789391,0.0004351948374560138
2020-09-08,0.0003977934778716,0.0003677087494010994
2020-09-09,0.0003147518069853,0.0005443486118175454
2020-09-10,2.840145533988448e-07,0.0004524765249810474
2020-09-11,0.0001603094046159,0.00046008177993167473
2020-09-14,2.710020715418627e-05,0.00036733955868956667
2020-09-15,2.1433630346011187e-05,0.00030191728637076143
2020-09-16,7.136785123696367e-05,0.00024401132807660582
2020-09-17,0.0001264630008895,0.0002035897180357086
2020-09-18,0.0001354561726175,0.0001871443816128992
2020-09-21,0.0001094747121527,0.00019131912414797883
2020-09-22,0.0005763523217496,0.00019741677721199914
2020-09-23,8.898322138948416e-06,0.00016522476573439752
2020-09-24,0.0002512364235996,0.00031421559034770585
2020-09-25,0.0002554304564534,0.0002528006776887806
2020-09-28,2.327370361239767e-05,0.00021580101088530435
2020-09-29,6.756581184895079e-05,0.0001867381876719835
2020-09-30,2.7867308502364265e-05,0.00015900662142515808
2020-10-01,9.261777408692876e-05,0.00013299451923060802
2020-10-02,0.0003173068523492,0.00011051520199731431
2020-10-05,0.0001980229961266,0.00012021107596922445
2020-10-06,0.0002974646581175,0.0001140188161714181
2020-10-07,6.365188099585925e-05,0.00015572780284187193
2020-10-08,7.665169162404271e-05,0.0001412041859311704
2020-10-09,0.0002651207883567,0.0001187534712180516
2020-10-12,4.002955768717285e-05,0.00010160728295114925
2020-10-13,4.415831202676608e-05,9.6984178122892e-05
2020-10-14,2.3376071123136633e-06,9.31911459113234e-05
2020-10-15,1.820083130815996e-08,9.151163868120738e-05
2020-10-16,0.0002710851446602,7.722316974057636e-05
2020-10-19,2.2242498296393092e-05,6.518695696198013e-05
2020-10-20,4.8317052078598526e-06,0.00013956930075453746
2020-10-21,2.709571030166536e-05,0.00011561983289032891
2020-10-22,1.1832487670418672e-05,9.71797194682423e-05
2020-10-23,0.0003521054464168,8.235204124426678e-05
2020-10-26,9.182144465876022e-06,6.989516994286983e-05
2020-10-27,0.0012906445757951,0.00016754861810239812
2020-10-28,0.0001410518446503,0.00013966695368118888
2020-10-29,0.000148930621854,0.000518443459999347
2020-10-30,0.0001498898465094,0.0004201475640245256
2020-11-02,0.0003112661929891,0.00038280480225455575
2020-11-03,0.0004755681751974,0.00031406755805898977
2020-11-04,0.0003714587736993,0.0002672003581730559
2020-11-05,8.280385242613576e-08,0.0002375878923175396
2020-11-06,0.0001353028364995,0.0002093861905412185
2020-11-09,1.96217121939596e-06,0.00016993654973198775
2020-11-10,5.81059876959719e-05,0.00014488377199067562
2020-11-11,0.0001005738518525,0.00011933146508341874
2020-11-12,0.0001827511050502,0.00010115229375041357
2020-11-13,0.0001341134213529,0.00011548716382184372
2020-11-16,2.3073072192265272e-05,0.00010387952111577937
2020-11-17,0.000135285061126,9.248960962093849e-05
2020-11-18,1.5513166196773925e-05,8.446438981976915e-05
2020-11-19,4.6454275936613354e-05,0.0001130930213383317
2020-11-20,3.1585615975693477e-05,9.440591467842437e-05
2020-11-23,0.0002570397356236,9.331801191542248e-05
2020-11-24,2.514364430263361e-06,7.946019087595682e-05
2020-11-25,5.731767604345693e-06,7.864603643876741e-05
2020-11-27,2.1216531567574644e-05,6.718495005597303e-05
2020-11-30,0.00012562241709,5.757838830747468e-05
2020-12-01,3.2025412020373135e-06,5.6301075525015754e-05
2020-12-02,3.898155201674309e-07,5.4345437663988535e-05
2020-12-03,7.739536782002547e-05,4.729464888367271e-05
2020-12-04,3.753958326166451e-06,4.1678994894666294e-05
2020-12-07,7.746598406708557e-06,4.059778751106389e-05
2020-12-08,6.369580150875466e-05,3.742238113881276e-05
2020-12-09,1.6536276097157204e-06,3.408588093321415e-05
2020-12-10,1.6022447900445454e-06,5.0945981954361066e-05
2020-12-11,1.9086310730933375e-05,4.5002931589552076e-05
2020-12-14,0.0001648266206348,4.02764460584319e-05
2020-12-15,3.137240198091948e-06,4.195172635990518e-05
2020-12-16,3.2960720753135577e-05,4.460207867756962e-05
2020-12-17,1.2371377849594118e-05,3.959601829297131e-05
2020-12-18,1.5318836200641006e-05,3.694096534027097e-05
2020-12-21,4.306640530721431e-06,3.7233301449459335e-05
2020-12-22,5.55819859387701e-07,3.838363106685307e-05
2020-12-23,1.246337097766215e-05,3.5872965720634806e-05
2020-12-24,7.542414502775786e-05,3.256260678478259e-05
2020-12-28,4.972297147939689e-06,3.0451041369928012e-05
2020-12-29,1.797337314843268e-06,3.1545747532381194e-05
2020-12-30,4.119335172133459e-05,3.064892499041479e-05
2020-12-31,0.0002209611704848,2.846677703451326e-05
2021-01-04,4.98101607434055e-05,2.846368974987919e-05
2021-01-05,3.241711947693631e-05,9.509701242942743e-05
2021-01-06,0.0002172163110037,8.163973671744544e-05
2021-01-07,2.9995747835016457e-05,7.026015174959594e-05
2021-01-08,4.324808492113018e-05,6.939106770028295e-05
2021-01-11,1.7280817821924392e-07,6.044412198303877e-05
2021-01-12,5.166785337232488e-06,6.5424479545484e-05
2021-01-13,1.4141458540185467e-05,5.602637122907236e-05
2021-01-14,5.207066752075514e-05,4.880527826651542e-05
2021-01-15,6.566602565459542e-05,4.721141652901377e-05
2021-01-19,0.0001915294733212,5.7636096598946177e-05
2021-01-20,1.0028189109604473e-07,5.2692233601823055e-05
2021-01-21,9.091145580821129e-06,5.422109018883655e-05
2021-01-22,1.3027172909775764e-05,4.712326467391209e-05
2021-01-25,2.2199306234693273e-06,4.4316979944313196e-05
2021-01-26,0.0006766925638497,3.985014640367505e-05
2021-01-27,9.43481731654526e-05,3.642947180045666e-05
2021-01-28,0.0003802647286795,0.00023884975082283545
2021-01-29,0.0002535833379641,0.00019781107315013427
2021-02-01,0.0001905098016699,0.00027739788192457224
2021-02-02,1.0165894684558382e-06,0.0002355980261842446
2021-02-03,0.0001165287356554,0.00019965556124097847
2021-02-04,1.5131474554861414e-05,0.00016290470666884
2021-02-05,5.434796864196145e-05,0.00013873084892083683
2021-02-08,1.2413200207442202e-06,0.0001151442726864911
2021-02-09,1.1919378024101847e-07,9.805822547819287e-05
2021-02-10,2.7591695396607475e-06,8.247084709855921e-05
2021-02-11,2.20897267067611e-05,6.969252138575481e-05
2021-02-12,3.242556673451843e-07,5.957987004615001e-05
2021-02-16,1.0269034883265724e-07,5.238935667401368e-05
2021-02-17,1.9586061288373416e-05,4.577364547358572e-05
2021-02-18,3.447034466389702e-06,4.043883740185855e-05
2021-02-19,6.026250607922209e-05,4.223616332191771e-05
2021-02-22,1.5763546054202355e-06,3.870000523007913e-05
2021-02-23,0.0001274114414506,5.343603585851221e-05
2021-02-24,0.0006142166391841,4.662529391790157e-05
2021-02-25,2.2672189784887047e-05,4.6737092704552426e-05
2021-02-26,0.000552822289795,0.00022946862151094374
2021-03-01,6.583178268795802e-05,0.00019262339048105298
2021-03-02,0.0001729839394896,0.00018190585800158493
2021-03-03,0.000182467092349,0.0001684890563112275
2021-03-04,0.0003728126245026,0.0001908743585626554
2021-03-05,2.8876041499117e-05,0.00021151204457438863
2021-03-08,0.0001975542900725,0.00018844067384571063
2021-03-09,3.614659418387953e-05,0.0001623781117780884
2021-03-10,0.000106953354686,0.00014164689699226472
2021-03-11,1.0299881685016838e-06,0.00011807619442131638
2021-03-12,4.187305852274601e-05,0.00010252701924639822
2021-03-15,2.467780153644722e-06,8.549421287763893e-05
2021-03-16,8.267031798269119e-06,7.379479650639843e-05
2021-03-17,0.0002211335566749,6.339661674748201e-05
2021-03-18,3.634711356174063e-07,5.4751001764487405e-05
2021-03-19,4.900779688692691e-05,0.00011555855568045804
2021-03-22,5.8677409602153865e-05,9.600039900088462e-05
2021-03-23,3.005601459951798e-05,8.253724341727958e-05
2021-03-24,2.731717437926999e-05,8.7619249399384e-05
2021-03-25,0.000272065846889,8.292044838992839e-05
2021-03-26,7.541005432162074e-07,7.122228340454227e-05
2021-03-29,1.0003489874546708e-05,7.252154389364542e-05
2021-03-30,1.307512038254198e-05,6.20253326585391e-05
2021-03-31,0.0001381995490442,5.6517102187468795e-05
2021-04-01,0.0002054918741436,4.965874108754658e-05
2021-04-05,9.486856246976632e-07,4.961316083203811e-05
2021-04-06,2.1731055392496624e-06,5.265355849764348e-05
2021-04-07,1.7738845985571112e-05,4.625952579727764e-05
2021-04-08,5.9140531609902854e-05,4.102333344447853e-05
2021-04-09,3.8454454916809894e-08,3.755852147734269e-05
2021-04-12,1.0817993812487155e-05,3.662028721695476e-05
2021-04-13,1.6778070606306054e-05,3.330203145970602e-05
2021-04-14,0.0001217293265273,3.112891765686581e-05
2021-04-15,1.297673380986528e-05,3.406035508259244e-05
2021-04-16,2.8309740945532627e-05,3.6482180365659725e-05
2021-04-19,4.658828303404179e-05,3.375573200860837e-05
2021-04-20,8.58035565616381e-05,3.9664644764498816e-05
2021-04-21,8.56242615615773e-05,4.9921314386987186e-05
2021-04-22,0.000118144071477,4.753308899891082e-05
2021-04-23,3.1708375185438376e-06,6.80995399698601e-05
2021-04-26,4.6190168585494795e-08,6.336790339996729e-05
2021-04-27,7.155427283630394e-07,5.467540741922657e-05
2021-04-28,4.542815991648983e-05,4.7685511295812494e-05
2021-04-29,5.213870225219355e-05,4.2346835081201445e-05
2021-04-30,7.531301315981449e-06,3.979683350270827e-05
2021-05-03,4.489988290784565e-05,5.172208947594473e-05
2021-05-04,4.9451337149182e-07,4.565071636045672e-05
2021-05-05,6.613429513544903e-05,5.415552239078482e-05
2021-05-06,5.396799761562823e-05,4.7286126641702666e-05
2021-05-07,0.0001100501811867,4.459367498432708e-05
2021-05-10,7.589459053282987e-05,4.1942997694842655e-05
2021-05-11,0.0004701430507975,7.097542040170454e-05
2021-05-12,0.0001464013989161,8.368030731872323e-05
2021-05-13,0.0002192703059893,0.00021560454552638727
2021-05-14,6.417397026605362e-06,0.00018127761597947628
2021-05-17,7.316702199784917e-05,0.00015737206541415616
2021-05-18,8.689240741484027e-06,0.0001309436144820211
2021-05-19,0.0001102380163503,0.00013054846396808685
2021-05-20,6.149509373683789e-07,0.0001104725629697352
2021-05-21,9.726885656697954e-05,9.657838109075167e-05
2021-05-24,4.526449432585515e-06,8.107889906551697e-05
2021-05-25,3.5158408181050426e-06,7.271223320716548e-05
2021-05-26,1.3563772218107373e-06,6.332294922076545e-05
2021-05-27,5.907251355614533e-07,5.4619484489301515e-05
2021-05-28,2.425116892975731e-07,4.760150828787324e-05
2021-06-01,2.09059510703151e-06,4.198396616699055e-05
2021-06-02,1.321542830931742e-05,3.756513172096362e-05
2021-06-03,7.735736159928754e-05,3.407164920307193e-05
2021-06-04,6.352986966241241e-07,3.532658744032322e-05
2021-06-07,3.0628342395482295e-08,3.562128432621788e-05
2021-06-08,3.332569239398802e-06,3.268223887782003e-05
2021-06-09,2.154310244195166e-05,3.01497146509483e-05
2021-06-10,3.7890138169370728e-06,2.9170866217942115e-05
2021-06-11,3.2889867620724897e-06,2.830262376690637e-05
2021-06-14,4.055068054254767e-06,2.683197521399962e-05
2021-06-15,2.9210822593111564e-05,2.5637317915571346e-05
2021-06-16,1.8993082997619665e-07,2.58054852262686e-05
2021-06-17,0.0001745399190959,3.381345653909608e-05
2021-06-18,0.0001933535723043,3.106018217615056e-05
2021-06-21,2.6126475171182976e-05,8.34053599279537e-05
2021-06-22,1.174775301195729e-06,7.866313492142064e-05
2021-06-23,3.3575413762594875e-05,6.750673765617074e-05
2021-06-24,1.1056045049152812e-05,5.799103139802674e-05
2021-06-25,5.346679774268396e-06,5.1573330471603874e-05
2021-06-28,7.68940380988312e-08,4.554968236234234e-05
2021-06-29,1.7616680119163411e-06,4.0547841783056376e-05
2021-06-30,2.7123695560080728e-05,3.636430880198586e-05
2021-07-01,5.583221705946141e-05,3.311957150293155e-05
2021-07-02,4.096182422501652e-06,3.164547192843081e-05
2021-07-06,1.1244933108962291e-05,3.1724500806177144e-05
2021-07-07,7.392355785446742e-05,3.0658379103779216e-05
2021-07-08,0.0001257723200214,2.901513337801393e-05
2021-07-09,1.1869628326787163e-05,5.035442137666932e-05
2021-07-12,1.241160778261864e-05,4.9491554695574356e-05
2021-07-13,1.3554933502367197e-06,4.390946866031093e-05
2021-07-14,1.0677036987949956e-05,4.289073278367436e-05
2021-07-15,5.726576988533549e-05,3.826843317328353e-05
2021-07-16,0.0002558970151588,3.789383150997464e-05
2021-07-19,0.00022646656217,5.214988619431491e-05
2021-07-20,6.737194792748717e-05,0.00012605564296797755
2021-07-21,4.058771143418576e-06,0.00011354151688574989
2021-07-22,0.0001018955463242,9.66852495404767e-05
2021-07-23,5.661386952972636e-06,8.074297793774494e-05
2021-07-26,2.2312239968374923e-05,7.235476987378197e-05
2021-07-27,3.4699952107897344e-08,6.167426199320078e-05
2021-07-28,1.7617594619339492e-05,6.003251444158313e-05
2021-07-29,2.93841360227898e-05,5.173789807897331e-05
2021-07-30,3.402201166885961e-06,4.591757878727597e-05
2021-08-02,6.674826827942037e-05,4.982470738095326e-05
2021-08-03,2.1558848063498142e-05,4.473429291863027e-05
2021-08-04,3.584998848548221e-05,4.246126579095757e-05
2021-08-05,2.8018225268222765e-06,4.4638876101079814e-05
2021-08-06,8.842586208038263e-07,4.108258415721937e-05
2021-08-09,9.84434951418021e-07,3.688494866416907e-05
2021-08-10,1.6254483357384963e-06,3.372457147659015e-05
2021-08-11,1.712145285578621e-05,3.098328196845058e-05
2021-08-12,2.5792884230740744e-06,2.8836640336963842e-05
2021-08-13,6.850899297577813e-06,2.7807363354558572e-05
2021-08-16,5.020776104893068e-05,2.6360446553792084e-05
2021-08-17,0.0001167837457178,2.5397241848083875e-05
2021-08-18,1.5772929888290694e-06,4.0279595445317536e-05
2021-08-19,6.574945705695405e-05,7.315753875131136e-05
2021-08-20,7.204050781360353e-05,6.196428958993213e-05
2021-08-23,2.2338853631776604e-06,5.596779962784536e-05
2021-08-24,4.918004358197292e-06,5.151284299124417e-05
2021-08-25,3.41283777882359e-05,4.5042217294098025e-05
2021-08-26,7.689661568157749e-05,4.006356569386711e-05
2021-08-27,1.846699447952043e-05,4.670886778066607e-05
2021-08-30,1.8225726736332543e-06,4.4418768731549405e-05
2021-08-31,9.71195275900077e-08,4.014272857515203e-05
2021-09-01,8.05768262894357e-06,3.6567196378015985e-05
2021-09-02,1.1228347260588018e-07,3.3171416515670246e-05
2021-09-03,1.156919850491525e-05,3.082529144397516e-05
2021-09-07,1.7409135056525357e-06,2.8657361958835802e-05
2021-09-08,2.130973774990339e-05,3.0576984650372834e-05
2021-09-09,6.010206695146086e-05,2.896500874273561e-05
2021-09-10,5.170622785224056e-06,3.3906521039620504e-05
2021-09-13,3.321463522087135e-05,5.011991618486916e-05
2021-09-14,7.120480937838085e-05,4.40042594378129e-05
2021-09-15,2.4097741072501305e-06,4.950364219560264e-05
2021-09-16,8.377064096545502e-05,4.636791342011662e-05
2021-09-17,0.0002931997908237,4.16165943066847e-05
2021-09-20,6.604628557307428e-07,6.363540755068768e-05
2021-09-21,8.976776517097765e-05,0.00014818857598673506
2021-09-22,0.0001454841333465,0.00012084090635967244
2021-09-23,2.131433012452678e-06,0.00010322729948727373
2021-09-24,7.7297562557451e-06,9.179196696151695e-05
2021-09-27,0.000423302550462,7.667076607285956e-05
2021-09-28,2.4584808006727907e-06,6.715624223942822e-05
2021-09-29,0.0001435492240096,0.00019168276695219542
2021-09-30,0.0001305523816962,0.00015512852480082932
2021-10-01,0.0001708497874579,0.000171963868397734
2021-10-04,0.0001096107966535,0.00014530459670370412
2021-10-05,1.6764106034200257e-05,0.00017286959449400863
2021-10-06,6.829434431343533e-05,0.00014513775411736197
2021-10-07,3.669357097080123e-06,0.00011939083687776273
2021-10-08,4.7464406170765016e-05,0.00010130635880572651
2021-10-11,5.854975609542984e-06,8.531355500663013e-05
2021-10-12,9.108057634660502e-06,8.652054656141289e-05
2021-10-13,0.0002862580524502,7.433449778538067e-05
2021-10-14,5.5242363022253904e-05,6.325177387152648e-05
2021-10-15,1.1350752616266038e-05,6.636755830165534e-05
2021-10-18,5.426005951774189e-05,5.8992271854937975e-05
2021-10-19,1.3376089051161668e-05,5.1309541982622606e-05
2021-10-20,8.948433087709892e-06,4.7074432788386844e-05
2021-10-21,1.151606332825489e-06,4.1994655315607807e-05
2021-10-22,2.2438784744289052e-05,3.779944161988198e-05
2021-10-25,3.305638267641506e-06,3.447405676588734e-05
2021-10-26,2.5647847255729212e-05,3.2441985960848586e-05
2021-10-27,9.567360323708283e-05,3.0026341208904223e-05
2021-10-28,3.792511771477476e-06,3.613870077939692e-05
2021-10-29,3.234454580097024e-06,3.680121258816762e-05
2021-11-01,1.3495389274970311e-05,3.350254912273319e-05
2021-11-02,4.1479970858650554e-05,3.0877639662897706e-05
2021-11-03,1.7415784722592813e-05,2.9231858518111598e-05
2021-11-04,1.388195855995045e-05,2.9105214814986928e-05
2021-11-05,7.87468218967483e-07,2.799825945641834e-05
2021-11-08,1.2284400601989049e-05,2.6974968212561435e-05
2021-11-09,6.822499257189776e-05,2.561338014750611e-05
2021-11-10,3.0336778775648916e-07,2.8416361515701517e-05
2021-11-11,5.179245582954821e-05,4.843692304697959e-05
2021-11-12,1.1534497980398688e-10,4.248736275776643e-05
2021-11-15,1.4882459253602784e-05,3.99505680295611e-05
2021-11-16,6.786105666126957e-06,3.5816774746417435e-05
2021-11-17,1.1418078518268562e-05,3.317180010886097e-05
2021-11-18,1.959005020270099e-06,3.261981095976697e-05
2021-11-19,1.0254458328543575e-05,3.0500679730349612e-05
2021-11-22,2.741545758077276e-06,2.8970288149026245e-05
2021-11-23,5.24970639476834e-06,3.038959509828737e-05
2021-11-24,0.0005284026820387,2.836049284723083e-05
2021-11-26,0.0001719726968071,2.6857176609638058e-05
2021-11-29,0.0003664690433032,0.00019156515021665402
2021-11-30,0.0001412660957488,0.00016216294534845518
2021-12-01,0.0001986588315156,0.00024795463445296775
2021-12-02,7.198597905217589e-05,0.00024409493686271112
2021-12-03,0.0001360162226582,0.00020456095969297898
2021-12-06,0.0004200697499683,0.00018823357085502118
2021-12-07,9.489699500219656e-06,0.00015816232938821199
2021-12-08,5.1940679383730975e-05,0.00014556329504828824
2021-12-09,9.032162745223456e-05,0.00011956291485358918
2021-12-10,8.423859056538905e-05,0.00011501565416796991
2021-12-13,5.623084445046275e-05,9.864370890068076e-05
2021-12-14,0.000262967326828,0.00010866617586755516
2021-12-15,7.712112321506036e-05,0.00010778079136890124
2021-12-16,0.0001069355485286,9.960805215729465e-05
2021-12-17,0.0001311803331511,0.00010721065822550666
2021-12-20,0.0003105262628556,0.0001225682334662567
2021-12-21,0.000102591131488,0.00014229160799099827
2021-12-22,3.849473676891129e-05,0.00012869567914501324
2021-12-23,0.0001888989536579,0.0001098715165880831
2021-12-27,1.0214445485075323e-06,9.254976072343055e-05
2021-12-28,1.962558359504096e-06,8.475421969712278e-05
2021-12-29,8.965436300009858e-06,7.155251909845341e-05
2021-12-30,6.914976938153481e-06,6.090790473895539e-05
2021-12-31,4.03710815882038e-05,5.526770883085318e-05
2022-01-03,3.96673550086219e-07,5.018046876470942e-05
2022-01-04,0.0003835042408199,4.555213744323065e-05
2022-01-05,9.297467057029216e-07,4.046127151972949e-05
2022-01-06,1.647094401878986e-05,0.00015578062540744692
2022-01-07,2.07956743523891e-06,0.00012771566274414296
2022-01-10,8.314314782799675e-05,0.00011049892636533774
2022-01-11,7.917425501803302e-06,9.249541297013786e-05
2022-01-12,0.0002058085547942,8.07631840844501e-05
2022-01-13,6.71816728672494e-07,6.86570906823192e-05
2022-01-14,0.0003444403931743,0.00012210207120262723
2022-01-18,9.48050978376989e-05,0.00010108809171921094
2022-01-19,0.0001231820807379,0.00019062798560757913
2022-01-20,0.0003646570374384,0.00018442407602802435
2022-01-21,7.661296750856418e-06,0.0001882843377756821
2022-01-24,0.0001499789802675,0.00026599720261920914
2022-01-25,2.2432758090396344e-06,0.00021507511809307114
2022-01-26,2.9145262022359593e-05,0.00022077220429245404
2022-01-27,0.0005786895923147,0.00017989629573613797
2022-01-28,0.0003500575972942,0.00015581470869865003
2022-01-31,4.677958575828699e-05,0.0001495306919505826
2022-02-01,8.795439496911023e-05,0.00013599411322883057
2022-02-02,0.0006097675455923,0.00011387712844632265
2022-02-03,2.6457427892709957e-05,9.790753841309844e-05
2022-02-04,1.3753572498250396e-05,0.00026868243014927743
2022-02-07,6.999185453659413e-05,0.000218440655817622
2022-02-08,0.0002077300168018,0.00018194630999311342
2022-02-09,0.0003342251065024,0.00015152152055741095
2022-02-10,0.0003667869478699,0.00013257814318435693
2022-02-11,1.480703285540645e-05,0.00021113717191667894
2022-02-14,0.0002447259017897,0.0002836615427861403
2022-02-15,7.758433796397732e-07,0.0002340110907626701
2022-02-16,0.000457981577315,0.00019959143233097977
2022-02-17,5.1724312574512424e-05,0.00016297570492188268
2022-02-18,0.0001039326305899,0.00027270986222623295
2022-02-22,0.0003453552343807,0.00023666897489138828
2022-02-23,0.0002204068411749,0.00022387812349142054
2022-02-24,0.000489563440561,0.00028680278200456593
2022-02-25,5.980917604520504e-06,0.00024068837880806857
2022-02-28,0.0002431874255476,0.00021427393420400703
2022-03-01,0.0003411795691729,0.00017649051063394215
2022-03-02,2.7757310832541033e-05,0.00021822661664337476
2022-03-03,6.345213023862548e-05,0.0001907478909266663
2022-03-04,0.0008977566086113,0.0001643819194438867
2022-03-07,5.270823852907228e-05,0.0001542137470063934
2022-03-08,0.0006438194816638,0.000398927247136046
2022-03-09,1.849903041645999e-05,0.0003373226206463349
2022-03-10,0.0001702053940038,0.00029722285021200815
2022-03-11,5.548276067881913e-05,0.0002463736415898658
2022-03-14,0.0004487038020302,0.00025180925379181306
2022-03-15,0.000490043300067,0.00022147027624471109
2022-03-16,0.0001506070172482,0.00019744700371130506
2022-03-17,0.0001344397212461,0.00017999362490865389
2022-03-18,1.8901178333915298e-07,0.000153241611945579
2022-03-21,0.0001263533264649,0.00013133085164965762
2022-03-22,0.0001524886691128,0.00010870815696684474
2022-03-23,0.0002028349138297,9.558245854256162e-05
2022-03-24,2.5536656541948087e-05,0.00012656413601904064
2022-03-25,5.0688006726998834e-05,0.00011269532060350862
2022-03-28,0.0001484021984882,9.493805671032885e-05
2022-03-29,3.986140604942975e-05,8.174763123302873e-05
2022-03-30,0.0002488927531909,7.499856015701008e-05
2022-03-31,1.1590082082847036e-05,7.601068475945111e-05
2022-04-01,6.493752903420382e-05,0.00013992945513264913
2022-04-04,0.0001595461795528,0.00011618522288555342
2022-04-05,9.534416963115148e-05,9.931145774929149e-05
2022-04-06,1.8014638939314577e-05,0.00013139581883259214
2022-04-07,7.046618052687033e-06,0.00013765490326001983
2022-04-08,0.0002897258310441,0.00011466224138063425
2022-04-11,1.1718986521803816e-05,9.780438731354585e-05
2022-04-12,0.000123489951412,0.00016915175971889173
2022-04-13,0.0001492912628821,0.00014259840491315785
2022-04-14,4.197961394743552e-08,0.00012261386915332083
2022-04-18,0.0002537663257174,0.00014673660695267457
2022-04-19,3.827481221392781e-07,0.00012131742851344407
2022-04-20,0.0002209044751391,0.0001104977234566612
2022-04-21,0.000791413721302,9.255014057421045e-05
2022-04-22,3.2282455152852426e-05,0.00014409349251142206
2022-04-25,0.0008151030098229,0.0003579894547035644
2022-04-26,4.392583135445632e-06,0.0002903915840018686
2022-04-27,0.0005975900650427,0.0004825859553903117
2022-04-28,0.0013659794919906,0.0003884563193568775
2022-04-29,3.202653664715488e-05,0.00033646555576678815
2022-05-02,2.328511319351772e-05,0.0006875195593891333
2022-05-03,0.0008658436636977,0.0005524523640557491
2022-05-04,0.0013177391916127,0.00044520006281717635
2022-05-05,3.238047477855516e-05,0.000391791670495108
2022-05-06,0.0010602525547279,0.0007164248105934526
2022-05-09,6.0264444575881376e-06,0.0005846241520758004
2022-05-10,0.000275567705631,0.0007918140986964654
2022-05-11,1.6817031927543994e-06,0.0006352702047096349
2022-05-12,0.0005564535627409,0.0005939262064912375
2022-05-13,1.5635765001628656e-05,0.00047829448887668223
2022-05-16,0.0003987577492508,0.00040675602854136565
2022-05-17,0.0017002270286669,0.00033323197831271884
2022-05-18,3.423261864282286e-05,0.0002850992773720977
2022-05-19,2.135429604661765e-08,0.0007428068372464664
2022-05-20,0.0003380080563014,0.0006078645896506943
2022-05-23,6.648691533761576e-05,0.0004901875635538063
2022-05-24,8.84800909764283e-05,0.00040888375651060055
2022-05-25,0.0003876238807475,0.0003509611816991351
2022-05-26,0.0005973688452491,0.0002880607853688451
2022-05-27,3.96161378361513e-05,0.0002491468697490459
2022-05-31,5.64136945372448e-05,0.0002261728353313199
2022-06-01,0.000333545402579,0.0001967073099236447
2022-06-02,0.0002716696946865,0.00017813123994158965
2022-06-03,9.81248988519643e-06,0.00015930054234247607
2022-06-06,8.983876862517986e-05,0.00021254830381828313
2022-06-07,0.0001177794268516,0.00017465303054855998
2022-06-08,0.0005801574428553,0.00014726986920655014
2022-06-09,0.0008727542728893,0.0001569921470330301
2022-06-10,0.001563406221777,0.0003021472531435049
2022-06-13,1.4294585047728285e-05,0.0005067113101323359
2022-06-14,0.0002098748737332,0.000880820527766657
2022-06-15,0.0010924483950962,0.0007113012416817542
2022-06-16,4.833170711203416e-06,0.0005805748452127995
2022-06-17,0.0005847920952235,0.0007959507528609124
2022-06-21,1.6962981047934207e-06,0.0006405521951451677
2022-06-22,9.000454434621524e-05,0.0005385387573357209
2022-06-23,0.0009063435224286,0.000435545072330767
2022-06-24,8.865505596976145e-06,0.00035594617784704156
2022-06-27,0.0004140684989449,0.000323123978196532
2022-06-28,5.06942319926683e-07,0.0002652508569151609
2022-06-29,7.740245048898765e-05,0.00033992783363344874
2022-06-30,0.0001102187394456,0.0002763954052779981
2022-07-01,2.5054936018049184e-06,0.00024834009771303287
2022-07-05,1.2722031601674215e-05,0.00020692494427232435
2022-07-06,0.0002206330923357,0.0001696030643352977
2022-07-07,6.899235975159713e-07,0.00013999901514577878
2022-07-08,0.0001344305208867,0.0001245602929680689
2022-07-11,8.624592648974327e-05,0.00010367363896390336
2022-07-12,1.99528749934274e-05,0.00012727749561348894
2022-07-13,9.018842728737804e-06,0.00013165032930638487
2022-07-14,0.0003617311728847,0.0001153402894142318
2022-07-15,7.053887534338756e-05,9.900215942670364e-05
2022-07-18,0.0007427542239571,9.696233625008885e-05
2022-07-19,3.455669101505424e-05,0.00010274131826104333
2022-07-20,9.629627785267023e-05,0.00011413265849337579
2022-07-21,8.791476341612352e-05,9.664854143053913e-05
2022-07-22,1.727392305640504e-06,8.511371400380853e-05
2022-07-25,0.0001348000552722,9.847166969662635e-05
2022-07-26,0.0006666749189307,8.302736223000664e-05
2022-07-27,0.0001454513134831,0.00011074501416614489
2022-07-28,0.0001990293375082,0.00011786442523201066
2022-07-29,7.992361790814732e-06,0.0001040061958315645
2022-08-01,4.468505872262689e-05,9.516095910256189e-05
2022-08-02,0.0002407914490941,8.244236296441224e-05
2022-08-03,6.047277793957008e-07,8.343480224522479e-05
2022-08-04,2.647353592321928e-06,8.021355357165225e-05
2022-08-05,1.533429294938783e-06,6.836414567398992e-05
2022-08-08,1.8128385978570133e-05,5.9561487105312873e-05
2022-08-09,0.0004438251655959,5.221650761917589e-05
2022-08-10,4.980448429214101e-07,5.13575995882759e-05
2022-08-11,0.000294947888692,6.222411207769049e-05
2022-08-12,1.5694940561420302e-05,5.393998330044174e-05
2022-08-15,3.5115867576052102e-06,5.9549244356012396e-05
2022-08-16,5.2767364810371776e-05,5.2243088281520014e-05
2022-08-17,5.139241875457342e-06,4.594855908219445e-05
2022-08-18,0.0001685824048252,5.6657183530243205e-05
2022-08-19,0.0004679592789407,4.9700162445568236e-05
2022-08-22,5.019259683501074e-06,9.407876011826875e-05
2022-08-23,8.47925886030337e-06,0.0002201014488142813
2022-08-24,0.0001958108170837,0.00018137339776794215
2022-08-25,0.0011743353227967,0.0001495207473649089
2022-08-26,4.473837589532504e-05,0.00013153920515992642
2022-08-29,0.0001229751581356,0.0004643343885172287
2022-08-30,6.158699498372169e-05,0.0003880976958067077
2022-08-31,8.95058162827142e-06,0.00035126533428299063
2022-09-01,0.0001165223652021,0.00030348633486851665
2022-09-02,1.6838422469431637e-05,0.0002472877109767496
2022-09-06,0.0003303251240381,0.00023687265697194948
2022-09-07,4.341448455155242e-05,0.0001987118437370508
2022-09-08,0.0002297047901107,0.00017637798109323703
2022-09-09,0.0001108525020714,0.00014702836835004803
2022-09-12,0.001953566012727,0.00013099776497597871
2022-09-13,1.1433115834719069e-05,0.00011340000710402678
2022-09-14,0.0001295561197098,0.0006668592697478539
2022-09-15,5.1955981568435825e-05,0.0005409960890980823
2022-09-16,4.669942459263816e-05,0.0004775934632620296
2022-09-19,0.0001285074973213,0.0004041796737387201
2022-09-20,0.0002980689717276,0.0003319519392516853
2022-09-21,7.162734246060204e-05,0.000308944148072363
2022-09-22,0.0003021627359543,0.0003393170752735462
2022-09-23,0.0001080427383174,0.00029843364625990623
2022-09-26,4.505477265540833e-06,0.00033191826285857427
2022-09-27,0.0003795149786068,0.0003029295767673969
2022-09-28,0.0004559418467573,0.00024969691438092996
2022-09-29,0.0002304734347695,0.00022070923547791796
2022-09-30,0.0006530364327842,0.0003133148052840987
2022-10-03,0.0009075361954787,0.00032318732001693673
2022-10-04,4.080349738265902e-06,0.00029090843581723553
2022-10-05,0.000106047216289,0.00027500510325999044
2022-10-06,0.0008067415732057,0.00022702053889503494
2022-10-07,5.6560524383253536e-05,0.0002177824661169014
2022-10-10,4.277838110194858e-05,0.0004127505416742548
2022-10-11,1.0864932133751013e-05,0.0003534226281327686
2022-10-12,0.0006571152502508,0.0003017141670485524
2022-10-13,0.000573464591953,0.00025083859639475186
2022-10-14,0.0006830656438989,0.00023269187418768365
2022-10-17,0.0001291125013279,0.00035688053517342225
2022-10-18,4.48157309561524e-05,0.0003196449806461266
2022-10-19,6.372328756926362e-05,0.0002673200202019261
2022-10-20,0.0005497974424732,0.00023282424579206963
2022-10-21,0.0001395219314091,0.00021039420993499788
2022-10-24,0.0002603630740051,0.00019579262842789146
2022-10-25,5.498430713670962e-05,0.0001676761935793408
2022-10-26,3.722445905320153e-05,0.00014986735615534023
2022-10-27,0.000591853373124,0.00014075104629424046
2022-10-28,5.5985217788905386e-05,0.00012830645547957427
2022-10-31,1.6889335894429797e-05,0.0001315273153046261
2022-11-01,0.0006410944868905,0.0001262179543138493
2022-11-02,0.0001132611573487,0.00011073721010200568
2022-11-03,0.0001829749481988,0.0002771968806903945
2022-11-04,9.154780430003892e-05,0.00026053815321680664
2022-11-07,3.116188158026812e-05,0.00022220772971114555
2022-11-08,0.0004408649682547,0.0001875253323163013
2022-11-09,0.0029108739465601,0.00015704316523034966
2022-11-10,8.460894925608473e-05,0.0002565713788125037
2022-11-11,8.056750866590112e-05,0.00033105972217876284
2022-11-14,7.526215593618707e-05,0.000273802081990001
2022-11-15,6.866248781012023e-05,0.00024801442879500435
2022-11-16,9.573483549446274e-06,0.00020702801906619738
2022-11-17,2.2536815971024217e-05,0.0001910020721409754
2022-11-18,1.5141825008147128e-05,0.00016093842748436926
2022-11-21,0.0001819424991024,0.00013479746773081825
2022-11-22,3.477774676702587e-05,0.00011718185485580275
2022-11-23,8.013669950652875e-08,0.00010576431725824676
2022-11-25,0.0002422597862911,9.066306163754616e-05
2022-11-28,2.5380749912493215e-06,7.706926466975134e-05
2022-11-29,0.0009289477108982,0.00013676685194218848
2022-11-30,7.534410642928263e-07,0.00011532906050821264
2022-12-01,1.428920586764818e-06,0.00013301644421092517
2022-12-02,0.0003260281507359,0.00011149625883831052
2022-12-05,0.000210362228239,9.439716132329481e-05
2022-12-06,3.4748958521131934e-06,0.0001751063739141884
2022-12-07,5.615455672968302e-05,0.00020668538138346798
2022-12-08,5.441599005367812e-05,0.00017219108912179507
2022-12-09,0.0002010243978833,0.00014553375291847688
2022-12-12,5.2754412058608585e-05,0.00013750622057050183
2022-12-13,3.685845706022152e-05,0.0001229996988260078
2022-12-14,0.0006369302908451,0.00010556613544021278
2022-12-15,0.0001254453748482,0.00010004271599066792
2022-12-16,8.18722566264136e-05,0.0002685649904000562
2022-12-19,1.0749556871438677e-06,0.000257634649483569
2022-12-20,0.0002178147588168,0.00023625673575430745
2022-12-21,0.0002119103977113,0.00019550924472138773
2022-12-22,3.4233642488230027e-05,0.00017084982685373638
2022-12-23,1.6466098209614274e-05,0.00020323823201279763
2022-12-27,0.0001462520273544,0.0001700869039596154
2022-12-28,0.0002996580603874,0.00014660244732939032
2022-12-29,6.471812088004618e-06,0.00016465199952865215
2022-12-30,1.6068653337625038e-05,0.0001489461809825574
2023-01-03,5.641053280574831e-05,0.00012659865125689535
2023-01-04,0.000137214730146,0.00011118167381982858
2023-01-05,0.0005100296299124,9.62117251146511e-05
2023-01-06,5.897123780048167e-07,0.00012117157522373972
2023-01-09,4.8358087775030645e-05,0.00012157433011104905
2023-01-10,0.0001630108741502,0.00010265824947913316
2023-01-11,1.162867910733937e-05,8.898899751892378e-05
2023-01-12,1.5911260541702132e-05,8.227698264363539e-05
2023-01-13,4.13128158007543e-06,7.101667667213904e-05
2023-01-17,0.0002460181890929,6.203606019071266e-05
2023-01-18,5.879319239383812e-05,5.5316267182958236e-05
2023-01-19,0.0003512503275429,0.00011907959378352347
2023-01-20,0.0001395071845021,0.00011732123186903794
2023-01-23,5.06597122111421e-07,0.00011240030931038882
2023-01-24,3.3029999525638784e-08,0.00010039601160127394
2023-01-25,0.0001198523110907,8.549402887645303e-05
2023-01-26,6.208738434921039e-06,7.328478456601098e-05
2023-01-27,0.0001703956718691,6.784859196943382e-05
2023-01-30,0.0002113041460867,5.915908295336728e-05
2023-01-31,0.0001081195747532,0.00010051891326882935
2023-02-01,0.000212937689098,9.344403776215546e-05
2023-02-02,0.0001083388006889,8.381094404680338e-05
2023-02-03,3.793812451755288e-05,8.000941273004457e-05
2023-02-06,0.0001635934122091,9.983949789607575e-05
2023-02-07,0.0001241569333369,9.57500048477257e-05
2023-02-08,7.865933538304868e-05,8.782118240541281e-05
2023-02-09,4.808616161450514e-06,0.00011070577025895081
2023-02-10,0.0001295856648328,0.00011624331737303342
2023-02-13,7.865436506127542e-08,9.842316043599033e-05
2023-02-14,7.669230372103217e-06,8.869901198818208e-05
2023-02-15,0.0001927845943161,7.59203781160814e-05
2023-02-16,7.67978317744088e-06,6.580359061792414e-05
2023-02-17,0.0004098512781325,0.00011226222058884601
2023-02-21,2.4799808216025832e-06,9.723618723997271e-05
2023-02-22,2.8252183015647647e-05,0.00020000582603302256
2023-02-23,0.0001122214926504,0.00016687168669801033
2023-02-24,9.414419108273104e-06,0.00014048796285173022
2023-02-27,9.245368956353227e-06,0.00014994908814935167
2023-02-28,2.243409315096896e-05,0.00012608137186965492
2023-03-01,5.7056778255982226e-05,0.00010896471018474682
2023-03-02,0.000256600325179,9.877255148471583e-05
2023-03-03,4.718738949283607e-07,8.629101976904695e-05
2023-03-06,0.0002385662652531,8.370784491558731e-05
2023-03-07,1.9988138578652687e-06,7.192592229067025e-05
2023-03-08,0.0003471461305005,0.00012976216953178727
2023-03-09,0.0002126921645121,0.00010949468667523728
2023-03-10,2.282824372347454e-06,0.00019107900520125393
2023-03-13,0.0002670736532353,0.00021952964349808405
2023-03-14,4.9075123782689794e-05,0.00018299921267354472
2023-03-15,0.0003030933451708,0.00016285596446158408
2023-03-16,0.0001227801678167,0.0001502427100271558
2023-03-17,7.883432601203862e-05,0.00013748691986581807
2023-03-20,0.0001663751078079,0.00015041030801214454
2023-03-21,0.0002755682549045,0.0001292267670193117
2023-03-22,8.880899867362887e-06,0.00011524793196756318
2023-03-23,3.1628960773591886e-05,0.00017543073967798463
2023-03-24,2.7079979242715205e-06,0.0001469762390963939
2023-03-27,2.4808873653607696e-06,0.00012470750791896272
2023-03-28,0.0001998511153103,0.00010549148925438233
2023-03-29,3.2478591875706876e-05,9.040938880606756e-05
2023-03-30,0.0002054442853073,8.493268506050385e-05
2023-03-31,1.363103062639553e-05,7.417987667316684e-05
2023-04-03,3.3800732582426994e-05,7.195257741860664e-05
2023-04-04,6.227428701027324e-06,6.288741395061354e-05
2023-04-05,1.2764707858474346e-05,6.449960815230128e-05
2023-04-06,9.916316151249564e-07,5.807355988019144e-05
2023-04-10,1.7100981487153347e-09,5.155325149693603e-05
2023-04-11,1.7168230304434678e-05,4.578571043936682e-05
2023-04-12,0.0001735940768784,4.1034488283441905e-05
2023-04-13,4.291185103218714e-06,4.202469082525544e-05
2023-04-14,1.0894644140291344e-05,4.446995303086758e-05
2023-04-17,7.307767350083786e-07,4.1207698823219114e-05
2023-04-18,7.100682569675041e-09,3.774479891259814e-05
2023-04-19,3.5644902260778236e-05,3.454207762133787e-05
2023-04-20,8.150139985332321e-07,3.1900136731695285e-05
2023-04-21,7.245700036127863e-07,3.983961621216789e-05
2023-04-24,0.0002539938280671,3.625775268886629e-05
2023-04-25,1.481159498221794e-05,3.3327545335621795e-05
2023-04-26,0.0003754756241655,0.00010247193945675013
2023-04-27,6.755740723687214e-05,9.137469588440939e-05
2023-04-28,1.4913580222842304e-07,9.198677198508355e-05
2023-05-01,0.0001358135409195,8.114245966986882e-05
2023-05-02,4.932123754747671e-05,6.991830696996536e-05
2023-05-03,5.2488770971348974e-05,9.914329529014945e-05
2023-05-04,0.000335115727601,9.847953962306229e-05
2023-05-05,2.0432794303554577e-07,9.883665919866222e-05
2023-05-08,2.1067539556098137e-05,9.639160616053989e-05
2023-05-09,2.0016159183980456e-05,8.229628749537772e-05
2023-05-10,2.88342436965009e-06,7.680613198738751e-05
2023-05-11,2.5108354307260967e-06,6.710416156543826e-05
2023-05-12,8.724920736241529e-06,5.9306062705572605e-05
2023-05-15,4.093578190941184e-05,5.284097733583428e-05
2023-05-16,0.0001397286794999,4.716264169926849e-05
2023-05-17,8.83735941208965e-05,5.3805143919573786e-05
2023-05-18,2.0935597780918338e-06,5.257500443542568e-05
2023-05-19,2.4032031253113005e-08,4.977320074417247e-05
2023-05-22,0.0001273618053199,4.494656259611614e-05
2023-05-23,5.395655650715368e-05,4.042426937519068e-05
2023-05-24,7.602891431381991e-05,7.272937032263817e-05
2023-05-25,0.0001680829516592,7.830146101074173e-05
2023-05-26,2.7566394790798385e-10,7.029903505442818e-05
2023-05-30,3.754451834216663e-05,6.702919828180697e-05
2023-05-31,9.616185431003488e-05,5.8422687433939e-05
2023-06-01,0.0002082194856136,6.202582815253647e-05
2023-06-02,4.02239722739906e-06,5.77330865440721e-05
2023-06-05,5.527813376529437e-06,5.8236865215641695e-05
2023-06-06,1.4587006096396314e-05,5.235977449058168e-05
2023-06-07,3.8063613820364415e-05,4.6656676435896014e-05
2023-06-08,1.316529107697967e-06,4.595236047882251e-05
2023-06-09,8.608081976206921e-05,4.259031123614535e-05
2023-06-12,4.772834947487917e-05,3.8561402459238217e-05
2023-06-13,6.709083955434074e-07,3.825267666300191e-05
2023-06-14,0.0001465208689257,3.6662607939812135e-05
2023-06-15,1.3530453438511176e-05,3.3697409225090385e-05
2023-06-16,2.252787472925659e-05,3.6489371748469975e-05
2023-06-20,2.765798941477479e-05,3.735034634745554e-05
2023-06-21,1.3719100314223335e-05,4.061044604176886e-05
2023-06-22,5.910977323976686e-05,4.4720335253080334e-05
2023-06-23,2.0222418666319695e-05,4.07534373309692e-05
2023-06-26,0.0001297488102189,5.369781097869551e-05
2023-06-27,1.254147064094919e-07,5.328801628955383e-05
2023-06-28,1.992344031269183e-05,5.1772154081848495e-05
2023-06-29,0.0001487021783095,4.606098917436328e-05
2023-06-30,1.3688838369003608e-06,4.206557737077594e-05
2023-07-03,3.8819169712081896e-06,4.326921938054362e-05
2023-07-05,6.326708918987008e-05,3.913077783222801e-05
2023-07-06,8.232382067200784e-06,3.6812937929493443e-05
2023-07-07,5.770269904664973e-06,5.166242384842028e-05
2023-07-10,4.515280910959879e-05,4.82669671306236e-05
2023-07-11,5.452205652521507e-05,4.338690729139152e-05
2023-07-12,7.114050330229619e-05,4.0753376475953955e-05
2023-07-13,1.0504860082573426e-06,3.892640181214861e-05
2023-07-14,1.480686984567072e-05,3.8013022162337094e-05
2023-07-17,5.029741350170298e-05,3.511075729096885e-05
2023-07-18,5.546660054448096e-06,3.2956668831639656e-05
2023-07-19,4.596605952305111e-05,3.2423319344337084e-05
2023-07-20,1.0500322723452487e-07,3.0439805735758087e-05
2023-07-21,1.620898597831679e-05,4.1571486154638606e-05
2023-07-24,7.900144534005218e-06,3.772746444740807e-05
2023-07-25,2.4165006771352956e-08,3.51406277528927e-05
2023-07-26,4.154309163597716e-05,3.274217137018293e-05
2023-07-27,9.66166288227314e-05,3.0513613933685957e-05
2023-07-28,2.153953774673155e-06,4.036093347721869e-05
2023-07-31,7.1216677782170934e-06,4.003266442572905e-05
2023-08-01,0.0001942176882319,3.653522097428989e-05
2023-08-02,6.508751298216284e-06,3.5608684886768604e-05
2023-08-03,2.824039613491268e-05,8.747445156576615e-05
2023-08-04,8.070540970573633e-05,7.693080154728827e-05
2023-08-07,1.7869262957956612e-05,7.448288876482815e-05
2023-08-08,4.989471481879704e-05,6.734744638615862e-05
2023-08-09,6.28417263754494e-08,6.378509407620073e-05
2023-08-10,1.1454669545200237e-06,6.982927929963954e-05
2023-08-11,3.287881195719068e-05,6.082220053448366e-05
2023-08-14,0.0001349811630271,5.379301703818506e-05
2023-08-15,5.751829663720814e-05,4.884462484119489e-05
2023-08-16,5.995112802799377e-05,8.130893248411004e-05
2023-08-17,2.2117009008907016e-08,8.622910130451278e-05
2023-08-18,4.69997293309066e-05,9.091788208300443e-05
2023-08-21,7.735802390477508e-06,7.80536516690104e-05
2023-08-22,0.000120655521164,6.915963221121217e-05
2023-08-23,0.0001835849933839,6.245489997000758e-05
2023-08-24,4.4829734448425377e-05,5.890434364335564e-05
2023-08-25,3.900100664768352e-05,0.0001028656578133388
2023-08-28,0.0002074771954616,8.936059375095033e-05
2023-08-29,1.463716021574746e-05,7.815334678819919e-05
2023-08-30,2.554284711348485e-06,7.466116426122899e-05
2023-08-31,3.231052142202903e-06,6.531540075471078e-05
2023-09-01,1.766519068654374e-05,5.789882640392398e-05
2023-09-05,4.894421876431491e-05,5.1233398016051746e-05
2023-09-06,1.0345441987987805e-05,5.05668277520269e-05
2023-09-07,2.032352644745337e-06,5.869756608678439e-05
2023-09-08,4.490275098036796e-05,5.464459029783534e-05
2023-09-11,3.262887494737128e-05,4.852726454785042e-05
2023-09-12,1.5397387947308043e-06,4.4956993382029516e-05
2023-09-13,7.046906628204957e-05,4.957778383469417e-05
2023-09-14,0.0001496743244953,4.43624850276242e-05
2023-09-15,5.198809357665687e-07,4.2409423031384526e-05
2023-09-18,4.636818725927903e-06,7.989084952074305e-05
2023-09-19,8.90985760480694e-05,6.909604639637779e-05
2023-09-20,0.0002734696674723,6.156763615009362e-05
2023-09-21,5.2818951594461815e-06,7.872290752411975e-05
2023-09-22,1.612017845660397e-05,0.00014403251536813496
2023-09-25,0.0002203492488648,0.0001228515168864495
2023-09-26,5.2572882523558475e-08,0.0001047402458375232
2023-09-27,3.452593219964651e-05,0.0001503765827306382
2023-09-28,7.361777919040887e-06,0.0001266827825971522
2023-09-29,6.2987089639784645e-09,0.00010855166421409235
2023-10-02,0.0001915288778652,9.461302424292062e-05
2023-10-03,6.523869805913459e-05,8.118363731597812e-05
2023-10-04,1.7027148077867723e-06,0.00012284956807422955
2023-10-05,0.0001379601081994,0.00010648460111485554
2023-10-06,3.9489512129112515e-05,9.139549674018123e-05
2023-10-09,2.698258195332139e-05,8.319367793113351e-05
2023-10-10,1.8351109509397397e-05,7.319535967199264e-05
2023-10-11,3.926306855692137e-05,6.458655242695555e-05
2023-10-12,2.5315948578805857e-05,5.7239473999944443e-05
2023-10-13,0.0001110629815819,6.138330859717108e-05
2023-10-16,9.65303881088294e-09,6.0950750913887905e-05
2023-10-17,0.0001819911147827,5.736228569084571e-05
2023-10-18,7.257391180650027e-05,5.072101554032646e-05
2023-10-19,0.0001604060041608,9.514696480545684e-05
2023-10-20,2.8459422288421087e-06,0.0001015313365023537
2023-10-23,5.2410700791270765e-05,0.0001308812374551264
2023-10-24,0.0002086128046979,0.00011162269703323421
2023-10-25,0.0001416833421867,9.690714080163531e-05
2023-10-26,2.3153790506712817e-05,0.00014018962274313916
2023-10-27,0.0001425271686186,0.00015732380602768065
2023-10-30,4.165521088553296e-05,0.00013884968594242008
2023-10-31,0.000109227476723,0.0001222371009852309
2023-11-01,0.0003490522072147,0.00010527361573101901
2023-11-02,8.74203222966763e-05,9.363031780945506e-05
2023-11-03,3.067604159312712e-06,9.204825816602955e-05
2023-11-06,8.043425783231717e-06,8.207810068124295e-05
2023-11-07,1.0088415220481132e-06,7.107011403248191e-05
2023-11-08,6.588066790435061e-05,6.222107512530795e-05
2023-11-09,0.0002401185553777,5.472948057228995e-05
2023-11-10,6.992111094817377e-07,6.660907087034697e-05
2023-11-13,0.0003570350253715,6.621314483339029e-05
2023-11-14,2.5463804279823216e-06,5.817309366128225e-05
2023-11-15,1.4154322429150822e-06,6.346717215207345e-05
2023-11-16,1.6415450270079478e-06,5.57199137171118e-05
2023-11-17,5.421529747819359e-05,4.938189817212153e-05
2023-11-20,4.092431620467826e-06,4.422493049864687e-05
2023-11-21,1.6426039703515447e-05,4.178264644686823e-05
2023-11-22,3.560456505688676e-07,3.907889361753397e-05
2023-11-24,3.82620717251268e-06,3.629860570134163e-05
2023-11-27,9.596916456418146e-07,3.348905758928536e-05
2023-11-28,8.962344810463087e-07,3.2226581665332456e-05
2023-11-29,1.4265209780490932e-05,3.0172373467086506e-05
2023-11-30,3.429928277987847e-05,2.869819885963333e-05
2023-12-01,2.941096877562746e-05,2.770675962593454e-05
2023-12-04,3.237969548962812e-07,2.75533705728973e-05
2023-12-05,1.5318237046940038e-05,3.4418318684887956e-05
2023-12-06,6.298978916244111e-05,3.2028277631080756e-05
2023-12-07,1.670466553151781e-05,3.4193602543162875e-05
2023-12-08,1.534142836807692e-05,3.3780594137738626e-05
2023-12-11,2.105720287390774e-05,3.1951508088897527e-05
2023-12-12,0.000183828723885,3.040642265723379e-05
2023-12-13,6.988436888161624e-06,2.9322814365017097e-05
2023-12-14,5.814428574227129e-09,3.3747018059071146e-05
2023-12-15,2.0413428787033585e-05,3.159960905199879e-05
2023-12-18,3.421392971122406e-05,2.962395704598404e-05
2023-12-19,0.0002188372267234,2.8674026367302375e-05
2023-12-20,0.0001050372723136,2.8344839169715574e-05
2023-12-21,2.7512264838845273e-06,8.711655043353551e-05
2023-12-22,1.78317108598808e-05,7.857761250799965e-05
2023-12-26,2.0432861814981335e-06,6.817298037143224e-05
2023-12-27,1.3697853290200265e-07,6.020319546544111e-05
2023-12-28,8.011600255483529e-06,5.31852021736462e-05
