Date,RF
2019-10-29,5.7177076765614364e-05
2019-10-30,5.7177076765614364e-05
2019-10-31,5.7177076765614364e-05
2019-11-01,5.7177076765614364e-05
2019-11-04,5.7177076765614364e-05
2019-11-05,5.8551597325955024e-05
2019-11-06,5.7177076765614364e-05
2019-11-07,5.7177076765614364e-05
2019-11-08,5.7177076765614364e-05
2019-11-11,5.7177076765614364e-05
2019-11-12,5.7177076765614364e-05
2019-11-13,5.7177076765614364e-05
2019-11-14,5.7177076765614364e-05
2019-11-15,5.7177076765614364e-05
2019-11-18,5.7177076765614364e-05
2019-11-19,5.7177076765614364e-05
2019-11-20,5.7177076765614364e-05
2019-11-21,5.7177076765614364e-05
2019-11-22,5.7351573813136384e-05
2019-11-25,5.7177076765614364e-05
2019-11-26,5.7177076765614364e-05
2019-11-27,5.7177076765614364e-05
2019-11-29,5.7177076765614364e-05
2019-12-02,5.7177076765614364e-05
2019-12-03,6.0145602223869535e-05
2019-12-04,6.154423352370407e-05
2019-12-05,6.651262885146433e-05
2019-12-06,5.902873399863726e-05
2019-12-09,5.7177076765614364e-05
2019-12-10,5.8144178041921874e-05
2019-12-11,5.7177076765614364e-05
2019-12-12,5.7177076765614364e-05
2019-12-13,5.7177076765614364e-05
2019-12-16,5.7834514780881105e-05
2019-12-17,5.7177076765614364e-05
2019-12-18,5.7177076765614364e-05
2019-12-19,5.7177076765614364e-05
2019-12-20,5.7177076765614364e-05
2019-12-23,5.7177076765614364e-05
2019-12-24,5.7177076765614364e-05
2019-12-26,5.7177076765614364e-05
2019-12-27,5.7177076765614364e-05
2019-12-30,5.7177076765614364e-05
2019-12-31,5.7177076765614364e-05
2020-01-02,5.927070975368005e-05
2020-01-03,5.788671668579267e-05
2020-01-06,5.759135921404079e-05
2020-01-07,5.927070975368005e-05
2020-01-08,6.0619467784565305e-05
2020-01-09,5.7177076765614364e-05
2020-01-10,5.7177076765614364e-05
2020-01-13,5.7177076765614364e-05
2020-01-14,5.7177076765614364e-05
2020-01-15,5.7177076765614364e-05
2020-01-16,5.7177076765614364e-05
2020-01-17,5.7177076765614364e-05
2020-01-21,5.759135921404079e-05
2020-01-22,5.7177076765614364e-05
2020-01-23,5.7177076765614364e-05
2020-01-24,5.7177076765614364e-05
2020-01-27,6.417366981935878e-05
2020-01-28,0.00010033606091713156
2020-01-29,7.317396720777398e-05
2020-01-30,9.69486809931645e-05
2020-01-31,7.692830433707009e-05
2020-02-03,0.00014486313733337561
2020-02-04,6.799305132577624e-05
2020-02-05,0.00010266055629185089
2020-02-06,7.20050082369554e-05
2020-02-07,8.864902536368442e-05
2020-02-10,7.078002400691871e-05
2020-02-11,5.952487154814044e-05
2020-02-12,5.765929066996314e-05
2020-02-13,5.7177076765614364e-05
2020-02-14,5.7177076765614364e-05
2020-02-18,5.7177076765614364e-05
2020-02-19,5.7177076765614364e-05
2020-02-20,5.7177076765614364e-05
2020-02-21,5.760228937997446e-05
2020-02-24,9.77228817788463e-05
2020-02-25,0.0002934716833182733
2020-02-26,0.00031040802545675414
2020-02-27,0.00020346919910212895
2020-02-28,0.0007250097148299634
2020-03-02,0.0009263071161960116
2020-03-03,0.0003598804420851924
2020-03-04,0.00032343085640973814
2020-03-05,0.00038042311029414986
2020-03-06,0.0006746651307137651
2020-03-09,0.0003167531070546643
2020-03-10,0.0025954376674623882
2020-03-11,0.0018066906186796731
2020-03-12,0.0027228192952065697
2020-03-13,0.0025522996373299476
2020-03-16,0.0021137156005326735
2020-03-17,0.0025370514831815198
2020-03-18,0.0022144076191727554
2020-03-19,0.002779206667844045
2020-03-20,0.0013279132641156697
2020-03-23,0.0008301555794681931
2020-03-24,0.0009603325538494944
2020-03-25,0.0017260130676771757
2020-03-26,0.0005402481798718865
2020-03-27,0.001788527571063213
2020-03-30,0.0007569873375161843
2020-03-31,0.0004094639267459409
2020-04-01,0.000483518358836167
2020-04-02,0.0005621384191296062
2020-04-03,0.0008954800761204298
2020-04-06,0.00029700109440006917
2020-04-07,0.0018685631487839478
2020-04-08,0.0005783099204012935
2020-04-09,0.00021832056817903234
2020-04-13,0.0007611551593607751
2020-04-14,0.00038206522892466515
2020-04-15,0.00022356969325504263
2020-04-16,0.000213016951144561
2020-04-17,0.00017706605089832744
2020-04-20,0.00040452522078147815
2020-04-21,0.0001781536891213142
2020-04-22,0.0005252808596569541
2020-04-23,0.00024796768272787763
2020-04-24,0.00019861221224225646
2020-04-27,0.00023834780167729196
2020-04-28,0.00010908874990679256
2020-04-29,9.791762527416525e-05
2020-04-30,0.00014711445624597644
2020-05-01,0.000107774371063513
2020-05-04,0.00030890530969427814
2020-05-05,9.365536724455017e-05
2020-05-06,0.00018415710178718462
2020-05-07,7.19326198495677e-05
2020-05-08,9.210412206401224e-05
2020-05-11,6.577344092665446e-05
2020-05-12,7.957319621325242e-05
2020-05-13,0.00020010720004915748
2020-05-14,0.00012130285468996122
2020-05-15,0.00018090397438485234
2020-05-18,0.0001372325051689917
2020-05-19,0.0001673067457155673
2020-05-20,0.00010204939550179162
2020-05-21,0.0001329843433988433
2020-05-22,0.00012459936756185186
2020-05-26,8.291539280701616e-05
2020-05-27,7.372224582512035e-05
2020-05-28,6.0997144525045285e-05
2020-05-29,6.335862051086537e-05
2020-06-01,7.465164269568332e-05
2020-06-02,6.678835277248872e-05
2020-06-03,5.9967407798395045e-05
2020-06-04,5.759135921404079e-05
2020-06-05,8.720397643491431e-05
2020-06-08,0.00018107318908895057
2020-06-09,6.857362174694807e-05
2020-06-10,0.00015560559313930635
2020-06-11,0.0001871598315058194
2020-06-12,0.0023765261641738172
2020-06-15,0.001306934091619177
2020-06-16,0.0001522745485512292
2020-06-17,0.0003488586118931315
2020-06-18,0.0003413106993828028
2020-06-19,0.00016148426276996747
2020-06-22,6.903343678111556e-05
2020-06-23,5.927070975368005e-05
2020-06-24,8.374111539423796e-05
2020-06-25,0.00021510797970444523
2020-06-26,8.244735126742516e-05
2020-06-29,0.00037397175579130385
2020-06-30,9.147864514125095e-05
2020-07-01,0.0002028981427012418
2020-07-02,8.615396584037111e-05
2020-07-06,0.00011383754184230726
2020-07-07,6.794674242442316e-05
2020-07-08,7.213718892332562e-05
2020-07-09,7.712167365278362e-05
2020-07-10,9.295773440405384e-05
2020-07-13,6.0425927558186595e-05
2020-07-14,6.671647621264193e-05
2020-07-15,6.404154321268904e-05
2020-07-16,6.70056768612748e-05
2020-07-17,6.131870592917271e-05
2020-07-20,6.121607378275592e-05
2020-07-21,5.7177076765614364e-05
2020-07-22,5.759135921404079e-05
2020-07-23,5.8964927832721745e-05
2020-07-24,8.148035765622583e-05
2020-07-27,6.59097340622939e-05
2020-07-28,8.465481915016997e-05
2020-07-29,6.196937642852874e-05
2020-07-30,6.0274885089020906e-05
2020-07-31,6.171877648471284e-05
2020-08-03,6.004210917519621e-05
2020-08-04,5.891836542083906e-05
2020-08-05,5.7177076765614364e-05
2020-08-06,5.7177076765614364e-05
2020-08-07,5.7177076765614364e-05
2020-08-10,5.7177076765614364e-05
2020-08-11,5.7177076765614364e-05
2020-08-12,6.075832172836904e-05
2020-08-13,6.0818864052514934e-05
2020-08-14,6.528437682606846e-05
2020-08-17,5.986761212767419e-05
2020-08-18,6.222481607907589e-05
2020-08-19,5.7177076765614364e-05
2020-08-20,5.7177076765614364e-05
2020-08-21,5.754196838347607e-05
2020-08-24,5.765929066996314e-05
2020-08-25,5.7177076765614364e-05
2020-08-26,5.9413923601911573e-05
2020-08-27,5.739180753104935e-05
2020-08-28,5.9413923601911573e-05
2020-08-31,5.828771860396784e-05
2020-09-01,5.7177076765614364e-05
2020-09-02,6.0546067165074696e-05
2020-09-03,8.856128124584711e-05
2020-09-04,0.00021317734057134228
2020-09-08,0.00011875497899778553
2020-09-09,0.0005189714200358128
2020-09-10,0.00012156197185750415
2020-09-11,0.000321414132175986
2020-09-14,0.00013164289454786418
2020-09-15,0.00015295324201623886
2020-09-16,7.20050082369554e-05
2020-09-17,7.891164220381585e-05
2020-09-18,6.318344711714926e-05
2020-09-21,7.274096671213971e-05
2020-09-22,8.152837115392817e-05
2020-09-23,0.00010428367738695457
2020-09-24,0.00017619426093844426
2020-09-25,7.110665026253564e-05
2020-09-28,0.00014598792302089584
2020-09-29,7.491762536910645e-05
2020-09-30,9.818757764382729e-05
2020-10-01,8.473067557293888e-05
2020-10-02,6.832952925880966e-05
2020-10-05,6.616726713532088e-05
2020-10-06,6.768674384655528e-05
2020-10-07,9.912857985290484e-05
2020-10-08,8.650554447610414e-05
2020-10-09,9.401154851591435e-05
2020-10-12,9.196073803237447e-05
2020-10-13,7.980041540670638e-05
2020-10-14,6.066808514880555e-05
2020-10-15,7.128191431032199e-05
2020-10-16,7.098405699574803e-05
2020-10-19,6.681375035704875e-05
2020-10-20,9.166069386310287e-05
2020-10-21,6.620787346711313e-05
2020-10-22,0.00010010183940659371
2020-10-23,6.914234612689713e-05
2020-10-26,8.091252830403477e-05
2020-10-27,9.25668373051807e-05
2020-10-28,9.574752270311666e-05
2020-10-29,0.0006004889701443951
2020-10-30,9.035711748534627e-05
2020-11-02,0.0002534922496153191
2020-11-03,0.00011468172385790368
2020-11-04,0.00014100574774406763
2020-11-05,0.00010399977277899268
2020-11-06,0.000103885823756657
2020-11-09,0.00014018607633189652
2020-11-10,0.00013728497686523627
2020-11-11,7.334827930094175e-05
2020-11-12,6.260016407975586e-05
2020-11-13,6.784240362678577e-05
2020-11-16,6.558752273330507e-05
2020-11-17,7.207590015285654e-05
2020-11-18,6.535640215092103e-05
2020-11-19,7.535634135593461e-05
2020-11-20,6.656864787931282e-05
2020-11-23,8.035653639973844e-05
2020-11-24,6.278502092315477e-05
2020-11-25,6.126258577357171e-05
2020-11-27,6.066808514880555e-05
2020-11-30,6.974635154360314e-05
2020-12-01,6.96655577802467e-05
2020-12-02,5.754196838347607e-05
2020-12-03,6.102319493772213e-05
2020-12-04,5.986761212767419e-05
2020-12-07,5.765843278843751e-05
2020-12-08,5.7834514780881105e-05
2020-12-09,5.7177076765614364e-05
2020-12-10,5.73893313289087e-05
2020-12-11,6.269303694348446e-05
2020-12-14,6.183682948335122e-05
2020-12-15,6.019092816248429e-05
2020-12-16,5.754196838347607e-05
2020-12-17,6.102319493772213e-05
2020-12-18,5.986761212767419e-05
2020-12-21,5.981197366867519e-05
2020-12-22,5.7177076765614364e-05
2020-12-23,5.7351573813136384e-05
2020-12-24,5.748173867524234e-05
2020-12-28,5.7177076765614364e-05
2020-12-29,5.7177076765614364e-05
2020-12-30,5.7834514780881105e-05
2020-12-31,5.7177076765614364e-05
2021-01-04,6.0546067165074696e-05
2021-01-05,9.367300434250662e-05
2021-01-06,6.59097340622939e-05
2021-01-07,9.533181202370159e-05
2021-01-08,6.835624958388804e-05
2021-01-11,7.506941214127165e-05
2021-01-12,6.619186287040617e-05
2021-01-13,6.950973455528059e-05
2021-01-14,5.835487221695386e-05
2021-01-15,5.7177076765614364e-05
2021-01-19,5.75638283764307e-05
2021-01-20,6.162980311864819e-05
2021-01-21,6.159878948925045e-05
2021-01-22,6.066808514880555e-05
2021-01-25,5.986761212767419e-05
2021-01-26,6.222481607907589e-05
2021-01-27,0.0001367699015581722
2021-01-28,0.00024437221228036855
2021-01-29,7.38231420734382e-05
2021-02-01,0.00019510261214834254
2021-02-02,8.762994037933142e-05
2021-02-03,0.00019230204915173297
2021-02-04,9.075534351731576e-05
2021-02-05,0.00010493654286776121
2021-02-08,6.582081546243251e-05
2021-02-09,6.260016407975586e-05
2021-02-10,5.765843278843751e-05
2021-02-11,5.7177076765614364e-05
2021-02-12,5.7177076765614364e-05
2021-02-16,5.7177076765614364e-05
2021-02-17,5.7177076765614364e-05
2021-02-18,5.7177076765614364e-05
2021-02-19,5.7177076765614364e-05
2021-02-22,5.754196838347607e-05
2021-02-23,5.787154523325749e-05
2021-02-24,6.040244316784261e-05
2021-02-25,8.333982960652844e-05
2021-02-26,0.0001823820717259792
2021-03-01,8.513788662948497e-05
2021-03-02,0.00021323603431059536
2021-03-03,7.679094730449148e-05
2021-03-04,0.0002575728830204228
2021-03-05,0.00011830935242906684
2021-03-08,0.00010528158074776486
2021-03-09,9.034243070761897e-05
2021-03-10,0.0001389023418880834
2021-03-11,8.216841664203107e-05
2021-03-12,6.260016407975586e-05
2021-03-15,6.6436081170143e-05
2021-03-16,6.103939455869505e-05
2021-03-17,5.7177076765614364e-05
2021-03-18,6.0546067165074696e-05
2021-03-19,9.458775509954362e-05
2021-03-22,6.59097340622939e-05
2021-03-23,9.732721608196624e-05
2021-03-24,6.823944477094266e-05
2021-03-25,7.428500811637195e-05
2021-03-26,6.562874931574758e-05
2021-03-29,5.853397327336132e-05
2021-03-30,6.0966224553624785e-05
2021-03-31,7.04593216611582e-05
2021-04-01,7.09226437127779e-05
2021-04-05,5.9967407798395045e-05
2021-04-06,6.0997144525045285e-05
2021-04-07,6.335862051086537e-05
2021-04-08,6.405753990018097e-05
2021-04-09,6.647830205774757e-05
2021-04-12,5.7177076765614364e-05
2021-04-13,5.7177076765614364e-05
2021-04-14,5.7177076765614364e-05
2021-04-15,5.78009813935937e-05
2021-04-16,5.7351573813136384e-05
2021-04-19,6.102319493772213e-05
2021-04-20,5.986761212767419e-05
2021-04-21,5.8921611101022176e-05
2021-04-22,5.9752923658028826e-05
2021-04-23,6.525929170836659e-05
2021-04-26,6.196367104276086e-05
2021-04-27,6.731432070600732e-05
2021-04-28,6.0541473909357587e-05
2021-04-29,5.765843278843751e-05
2021-04-30,5.7177076765614364e-05
2021-05-03,5.73893313289087e-05
2021-05-04,5.927070975368005e-05
2021-05-05,6.118450704082403e-05
2021-05-06,5.927070975368005e-05
2021-05-07,5.835487221695386e-05
2021-05-10,5.759135921404079e-05
2021-05-11,6.655239860515748e-05
2021-05-12,8.44305830171496e-05
2021-05-13,0.000197079109319355
2021-05-14,7.516394804769353e-05
2021-05-17,0.00013672324236064582
2021-05-18,7.756447298091662e-05
2021-05-19,0.0001061329894187891
2021-05-20,7.254438118694364e-05
2021-05-21,6.560365599083155e-05
2021-05-24,6.042742526185157e-05
2021-05-25,5.986761212767419e-05
2021-05-26,5.9413923601911573e-05
2021-05-27,5.739180753104935e-05
2021-05-28,5.7177076765614364e-05
2021-06-01,5.7177076765614364e-05
2021-06-02,5.7177076765614364e-05
2021-06-03,5.7177076765614364e-05
2021-06-04,5.7177076765614364e-05
2021-06-07,5.7351573813136384e-05
2021-06-08,5.7834514780881105e-05
2021-06-09,5.7177076765614364e-05
2021-06-10,5.7177076765614364e-05
2021-06-11,5.7177076765614364e-05
2021-06-14,5.7177076765614364e-05
2021-06-15,5.7177076765614364e-05
2021-06-16,5.7177076765614364e-05
2021-06-17,5.7177076765614364e-05
2021-06-18,6.208480043146267e-05
2021-06-21,8.001846626086835e-05
2021-06-22,6.59097340622939e-05
2021-06-23,8.290979190611574e-05
2021-06-24,6.507486176021932e-05
2021-06-25,7.138588869611653e-05
2021-06-28,5.7177076765614364e-05
2021-06-29,5.7177076765614364e-05
2021-06-30,5.7177076765614364e-05
2021-07-01,5.7177076765614364e-05
2021-07-02,5.7177076765614364e-05
2021-07-06,5.7177076765614364e-05
2021-07-07,5.7177076765614364e-05
2021-07-08,5.7177076765614364e-05
2021-07-09,6.09112455527703e-05
2021-07-12,6.106201961935527e-05
2021-07-13,6.70056768612748e-05
2021-07-14,6.0541473909357587e-05
2021-07-15,5.765843278843751e-05
2021-07-16,5.7177076765614364e-05
2021-07-19,6.0179662361689396e-05
2021-07-20,9.59673091479441e-05
2021-07-21,7.799419687157267e-05
2021-07-22,9.622556386756003e-05
2021-07-23,8.364151398904899e-05
2021-07-26,8.282215809413835e-05
2021-07-27,5.9413923601911573e-05
2021-07-28,5.793494743890701e-05
2021-07-29,5.754196838347607e-05
2021-07-30,5.765929066996314e-05
2021-08-02,5.7177076765614364e-05
2021-08-03,5.904351552531728e-05
2021-08-04,5.765929066996314e-05
2021-08-05,5.759135921404079e-05
2021-08-06,5.754196838347607e-05
2021-08-09,5.765929066996314e-05
2021-08-10,5.7177076765614364e-05
2021-08-11,5.7177076765614364e-05
2021-08-12,5.7177076765614364e-05
2021-08-13,5.7177076765614364e-05
2021-08-16,5.7177076765614364e-05
2021-08-17,5.7177076765614364e-05
2021-08-18,5.760228937997446e-05
2021-08-19,6.883404146732098e-05
2021-08-20,6.897870681631524e-05
2021-08-23,8.086432163660139e-05
2021-08-24,5.874657701854734e-05
2021-08-25,5.7834514780881105e-05
2021-08-26,5.7177076765614364e-05
2021-08-27,5.7177076765614364e-05
2021-08-30,5.927070975368005e-05
2021-08-31,5.8544154701059445e-05
2021-09-01,5.7177076765614364e-05
2021-09-02,5.7177076765614364e-05
2021-09-03,5.7177076765614364e-05
2021-09-07,5.7177076765614364e-05
2021-09-08,5.7177076765614364e-05
2021-09-09,5.7177076765614364e-05
2021-09-10,5.7177076765614364e-05
2021-09-13,5.775422294677041e-05
2021-09-14,5.994451669576863e-05
2021-09-15,6.14752273065991e-05
2021-09-16,5.927070975368005e-05
2021-09-17,5.83167286852299e-05
2021-09-20,6.455953147208141e-05
2021-09-21,0.00010109448042252695
2021-09-22,7.29070673563345e-05
2021-09-23,0.00010823209222431457
2021-09-24,6.988852041410487e-05
2021-09-27,7.70670072841957e-05
2021-09-28,7.035436124690031e-05
2021-09-29,0.00013206709604391849
2021-09-30,6.772166258197774e-05
2021-10-01,0.0001544471767229953
2021-10-04,8.27752202080218e-05
2021-10-05,0.00017252701348206972
2021-10-06,7.125152692690621e-05
2021-10-07,8.284104648059964e-05
2021-10-08,6.354764437868014e-05
2021-10-11,6.541728544750897e-05
2021-10-12,5.7177076765614364e-05
2021-10-13,5.927070975368005e-05
2021-10-14,6.395908377583152e-05
2021-10-15,5.878457038211346e-05
2021-10-18,6.0966224553624785e-05
2021-10-19,7.5831654389845e-05
2021-10-20,6.746503167509699e-05
2021-10-21,5.7177076765614364e-05
2021-10-22,5.7177076765614364e-05
2021-10-25,5.7177076765614364e-05
2021-10-26,5.7177076765614364e-05
2021-10-27,5.7177076765614364e-05
2021-10-28,5.7177076765614364e-05
2021-10-29,5.776724871527069e-05
2021-11-01,5.989613750626035e-05
2021-11-02,5.739180753104935e-05
2021-11-03,5.7177076765614364e-05
2021-11-04,5.7177076765614364e-05
2021-11-05,5.7177076765614364e-05
2021-11-08,5.7177076765614364e-05
2021-11-09,5.7177076765614364e-05
2021-11-10,5.7177076765614364e-05
2021-11-11,7.182110396452596e-05
2021-11-12,6.0818864052514934e-05
2021-11-15,6.498403511965739e-05
2021-11-16,5.751285434904249e-05
2021-11-17,5.7177076765614364e-05
2021-11-18,5.7177076765614364e-05
2021-11-19,5.7177076765614364e-05
2021-11-22,5.7177076765614364e-05
2021-11-23,5.7177076765614364e-05
2021-11-24,5.7177076765614364e-05
2021-11-26,7.719472517051087e-05
2021-11-29,0.00016062743813866995
2021-11-30,6.904043977305484e-05
2021-12-01,0.00022351704698504504
2021-12-02,9.860608213440926e-05
2021-12-03,0.00019681474039350873
2021-12-06,0.0001012927294126912
2021-12-07,0.0001037439070167286
2021-12-08,9.704891796661654e-05
2021-12-09,6.687330439295731e-05
2021-12-10,0.00010087578105147348
2021-12-13,7.188131108285232e-05
2021-12-14,6.614708767443914e-05
2021-12-15,6.453501897102338e-05
2021-12-16,6.738731145486251e-05
2021-12-17,6.825614211479559e-05
2021-12-20,8.902632007299534e-05
2021-12-21,9.730223823278284e-05
2021-12-22,8.655360292574703e-05
2021-12-23,8.214730383982324e-05
2021-12-27,7.9569511178865e-05
2021-12-28,7.396478717063254e-05
2021-12-29,6.066808514880555e-05
2021-12-30,5.986761212767419e-05
2021-12-31,6.222481607907589e-05
2022-01-03,5.7177076765614364e-05
2022-01-04,5.7177076765614364e-05
2022-01-05,7.443415293164758e-05
2022-01-06,9.25668373051807e-05
2022-01-07,6.620787346711313e-05
2022-01-10,0.00013958091565664959
2022-01-11,7.114431534177756e-05
2022-01-12,8.484554603513223e-05
2022-01-13,6.0934509074702575e-05
2022-01-14,8.252847919358235e-05
2022-01-18,6.874230036823559e-05
2022-01-19,0.00011534043020926137
2022-01-20,8.755715284008e-05
2022-01-21,0.00028900320379966115
2022-01-24,0.00012034064697564788
2022-01-25,0.0001085724478843803
2022-01-26,0.00015916130110113096
2022-01-27,8.022499744121736e-05
2022-01-28,0.00012527968544353535
2022-01-31,8.770870126014642e-05
2022-02-01,6.719567309158178e-05
2022-02-02,0.00012189487277433532
2022-02-03,0.00018265322892243219
2022-02-04,0.00018304319890109604
2022-02-07,6.620787346711313e-05
2022-02-08,0.0001368161184583933
2022-02-09,7.426595571107169e-05
2022-02-10,8.86737663202113e-05
2022-02-11,0.00011391396492778499
2022-02-14,0.0001183217854852628
2022-02-15,0.00012281012517448083
2022-02-16,0.00018793157798394013
2022-02-17,0.00013239903462878105
2022-02-18,0.00033203584062160173
2022-02-22,7.869095991437678e-05
2022-02-23,0.00020775991498096614
2022-02-24,0.00011847195939464717
2022-02-25,0.00011844674939196482
2022-02-28,0.00033666338491312764
2022-03-01,9.168795604012024e-05
2022-03-02,0.00029975088087775864
2022-03-03,8.545934462719441e-05
2022-03-04,0.00013428479014725777
2022-03-07,0.00011222520860822816
2022-03-08,0.0002921387599238002
2022-03-09,9.822698565336716e-05
2022-03-10,0.00030720604299124373
2022-03-11,8.56840035385541e-05
2022-03-14,0.0002513759933803759
2022-03-15,9.877990839495982e-05
2022-03-16,0.00017944972614299074
2022-03-17,9.44207794930563e-05
2022-03-18,0.00013273686546857904
2022-03-21,0.00012961054854173957
2022-03-22,8.436871085653134e-05
2022-03-23,6.660597381331882e-05
2022-03-24,8.141156478391253e-05
2022-03-25,6.860026942435372e-05
2022-03-28,8.158911096605712e-05
2022-03-29,6.858450358552123e-05
2022-03-30,6.549590351937647e-05
2022-03-31,6.318435422934349e-05
2022-04-01,9.334610333509334e-05
2022-04-04,6.828994908772072e-05
2022-04-05,0.00010831638491585494
2022-04-06,8.578693268252684e-05
2022-04-07,8.507306814178573e-05
2022-04-08,8.68506290458327e-05
2022-04-11,7.129238060216961e-05
2022-04-12,0.00010282926532016856
2022-04-13,6.71480138435359e-05
2022-04-14,0.00010973308944839326
2022-04-18,8.431446034671141e-05
2022-04-19,8.510007939070712e-05
2022-04-20,8.475436117113697e-05
2022-04-21,6.560721287849971e-05
2022-04-22,0.00018272678068640284
2022-04-25,0.0002121536339110878
2022-04-26,0.0001374517907625466
2022-04-27,0.0004776669556334966
2022-04-28,0.00011067331483750421
2022-04-29,0.00030663451917529804
2022-05-02,0.00021835694249161403
2022-05-03,0.000279131975988765
2022-05-04,0.00017298916813386574
2022-05-05,0.000175564982693916
2022-05-06,0.0003925561390243671
2022-05-09,0.00016596133900584852
2022-05-10,0.0006660639567248711
2022-05-11,0.00011368963927951404
2022-05-12,0.00032132695929785207
2022-05-13,0.00012882228708871067
2022-05-16,0.0002470991098454458
2022-05-17,8.056775673475356e-05
2022-05-18,0.0002527182951305489
2022-05-19,0.00024915837584730003
2022-05-20,0.0008218433061060417
2022-05-23,0.00017464142726535565
2022-05-24,0.00020058366351563323
2022-05-25,0.000133645025270984
2022-05-26,8.489367903676203e-05
2022-05-27,9.728048716653764e-05
2022-05-31,9.256204150950295e-05
2022-06-01,0.00010605068963295455
2022-06-02,0.00013838556431368333
2022-06-03,7.806179223911431e-05
2022-06-06,0.00011671810622263796
2022-06-07,8.200160717183159e-05
2022-06-08,0.00011161676477071206
2022-06-09,9.767663391531547e-05
2022-06-10,0.00030557231810199293
2022-06-13,0.000284540103456978
2022-06-14,0.0007241458902948522
2022-06-15,0.0002256548820794522
2022-06-16,0.0002383121943199531
2022-06-17,0.000470184273879033
2022-06-21,0.0001287626747451142
2022-06-22,0.0002629915441685778
2022-06-23,0.00011023254858586788
2022-06-24,0.00023127011560832882
2022-06-27,0.0001266466783560643
2022-06-28,7.649903984373693e-05
2022-06-29,0.00024911022278424844
2022-06-30,9.140974901527136e-05
2022-07-01,0.00020974376431366588
2022-07-05,7.625922590578875e-05
2022-07-06,9.132906496541049e-05
2022-07-07,6.391046430881793e-05
2022-07-08,5.7717935363860717e-05
2022-07-11,6.189988892077298e-05
2022-07-12,8.180731586430278e-05
2022-07-13,8.393501567222211e-05
2022-07-14,9.069372562862574e-05
2022-07-15,6.941248603108827e-05
2022-07-18,6.096567164445794e-05
2022-07-19,8.801961954570838e-05
2022-07-20,0.00021125850010378732
2022-07-21,8.025781675358915e-05
2022-07-22,0.00013302546249725633
2022-07-25,7.948274810295007e-05
2022-07-26,6.541287366267239e-05
2022-07-27,0.00010242801355448683
2022-07-28,0.00019422839784079252
2022-07-29,8.232520607011088e-05
2022-08-01,0.00012027912984021537
2022-08-02,8.307010675717499e-05
2022-08-03,7.078500793575537e-05
2022-08-04,6.623419924677971e-05
2022-08-05,6.171877648471284e-05
2022-08-08,7.611669155776432e-05
2022-08-09,6.722682978912928e-05
2022-08-10,6.882617370369351e-05
2022-08-11,8.599765159510701e-05
2022-08-12,6.45674991476532e-05
2022-08-15,0.00011167980012161606
2022-08-16,7.507079714417231e-05
2022-08-17,8.555855797444732e-05
2022-08-18,6.767728623839133e-05
2022-08-19,6.14491611635798e-05
2022-08-22,0.00010548385464951688
2022-08-23,0.0001789265903162522
2022-08-24,8.804581312118182e-05
2022-08-25,0.0001604590748324278
2022-08-26,0.00010430957346544087
2022-08-29,0.00046366443086941607
2022-08-30,7.332217480631721e-05
2022-08-31,0.00018142186064347643
2022-09-01,0.00012569918398935343
2022-09-02,0.00011013613087457836
2022-09-06,7.206534389381822e-05
2022-09-07,6.852823999877722e-05
2022-09-08,7.806825848687157e-05
2022-09-09,6.462539997637266e-05
2022-09-12,7.529150351921408e-05
2022-09-13,0.0001321207137763817
2022-09-14,0.00027313710393184654
2022-09-15,0.0008023124783889316
2022-09-16,0.00021007213119127223
2022-09-19,0.00029302302941498445
2022-09-20,0.0003269324205541033
2022-09-21,7.513527035552408e-05
2022-09-22,0.0001063587873858565
2022-09-23,8.982302308952337e-05
2022-09-26,0.00016765313699460994
2022-09-27,9.331144369405081e-05
2022-09-28,0.00013454066046331094
2022-09-29,0.00013910066139917964
2022-09-30,0.00027983217863103134
2022-10-03,0.000178982941432974
2022-10-04,0.0003726676042438337
2022-10-05,0.00018524099214396443
2022-10-06,0.0002336837719704455
2022-10-07,0.0002013250975094688
2022-10-10,0.0002654446736819659
2022-10-11,8.782837926118325e-05
2022-10-12,0.00014736204477672297
2022-10-13,0.0001041872559464131
2022-10-14,0.00024070692677015013
2022-10-17,0.00021079102279586117
2022-10-18,0.0002148610397759429
2022-10-19,0.00015938299973807088
2022-10-20,0.00015852512511436124
2022-10-21,0.00013413390690036612
2022-10-24,0.00011051007983523154
2022-10-25,6.752145636267175e-05
2022-10-26,0.00012090590056278286
2022-10-27,8.307010675717499e-05
2022-10-28,0.00010098808822542146
2022-10-31,0.00012772211939692557
2022-11-01,6.341051227323667e-05
2022-11-02,0.00013159712168622244
2022-11-03,0.0002482342949311304
2022-11-04,7.930163664328719e-05
2022-11-07,0.00015023126532684978
2022-11-08,9.737966788387332e-05
2022-11-09,0.00010367801081944994
2022-11-10,0.0003224148190509573
2022-11-11,0.0016542251700221887
2022-11-14,0.0003701323009310576
2022-11-15,0.0001403441387821712
2022-11-16,0.0006221148006388985
2022-11-17,0.00041324867779434405
2022-11-18,6.149272583419834e-05
2022-11-21,6.441899586339864e-05
2022-11-22,6.030318538182318e-05
2022-11-23,5.7351573813136384e-05
2022-11-25,6.084564294300131e-05
2022-11-28,6.26579431604549e-05
2022-11-29,0.00010022802404501625
2022-11-30,0.00011457037574869539
2022-12-01,0.0002731819306007645
2022-12-02,7.97221530771581e-05
2022-12-05,0.00017006156883018187
2022-12-06,0.00011778925597571553
2022-12-07,0.00010321611291400946
2022-12-08,0.00010744112262425858
2022-12-09,0.00011114899653414574
2022-12-12,8.741098429987969e-05
2022-12-13,7.11029284262319e-05
2022-12-14,6.413754915003255e-05
2022-12-15,9.346918492990423e-05
2022-12-16,0.00022025596345682987
2022-12-19,7.675116462699209e-05
2022-12-20,0.00015169026250111902
2022-12-21,0.00010003139159734712
2022-12-22,9.619631682483015e-05
2022-12-23,9.931502926768899e-05
2022-12-27,7.374541442730791e-05
2022-12-28,0.00010140446563431177
2022-12-29,8.191969143903533e-05
2022-12-30,8.029033539413035e-05
2023-01-03,8.13654055136951e-05
2023-01-04,8.257295873518551e-05
2023-01-05,7.228960289330906e-05
2023-01-06,8.716909231200031e-05
2023-01-09,9.948387226421707e-05
2023-01-10,8.084823483046391e-05
2023-01-11,0.0001275147215066632
2023-01-12,6.915992930006045e-05
2023-01-13,6.066808514880555e-05
2023-01-17,5.986761212767419e-05
2023-01-18,6.258570154878563e-05
2023-01-19,9.41822679054931e-05
2023-01-20,6.895455493152995e-05
2023-01-23,0.00011963618734244107
2023-01-24,7.612139211201064e-05
2023-01-25,0.0001892606793061213
2023-01-26,7.623826266185812e-05
2023-01-27,5.8033257874675476e-05
2023-01-30,6.525809602844108e-05
2023-01-31,8.247118425750258e-05
2023-02-01,6.672014946135678e-05
2023-02-02,8.513703487990949e-05
2023-02-03,7.52700753609042e-05
2023-02-06,9.401856766849052e-05
2023-02-07,8.478717710275098e-05
2023-02-08,8.658367695290825e-05
2023-02-09,7.403988779295313e-05
2023-02-10,7.088344638506145e-05
2023-02-13,8.518143715523337e-05
2023-02-14,7.166664770075906e-05
2023-02-15,6.115207767399655e-05
2023-02-16,6.323660252713454e-05
2023-02-17,7.908711573668949e-05
2023-02-21,7.352500266861896e-05
2023-02-22,0.00018042766506044672
2023-02-23,7.192887708385131e-05
2023-02-24,0.00014694163479873413
2023-02-27,7.917229803655924e-05
2023-02-28,8.742871330278922e-05
2023-03-01,7.15461251985224e-05
2023-03-02,5.810755201510868e-05
2023-03-03,6.0157802368734754e-05
2023-03-06,5.853397327336132e-05
2023-03-07,6.318435422934349e-05
2023-03-08,0.00010784124595445904
2023-03-09,8.417152656019844e-05
2023-03-10,0.00017722135292074688
2023-03-13,0.00010800156892940544
2023-03-14,0.00024275814335718247
2023-03-15,0.00010449816145094123
2023-03-16,9.23344947811385e-05
2023-03-17,8.94680108657503e-05
2023-03-20,8.491867010790043e-05
2023-03-21,9.248528823897501e-05
2023-03-22,8.880655313838053e-05
2023-03-23,0.0001106553765952733
2023-03-24,6.889840882917295e-05
2023-03-27,0.00010751716821125003
2023-03-28,6.870386911025658e-05
2023-03-29,8.044379922343582e-05
2023-03-30,5.7177076765614364e-05
2023-03-31,6.318435422934349e-05
2023-04-03,6.219910725036327e-05
2023-04-04,6.751551283502317e-05
2023-04-05,6.548360570042287e-05
2023-04-06,6.880338199091793e-05
2023-04-10,5.788671668579267e-05
2023-04-11,5.7177076765614364e-05
2023-04-12,5.7177076765614364e-05
2023-04-13,6.122825870625191e-05
2023-04-14,5.7351573813136384e-05
2023-04-17,6.102319493772213e-05
2023-04-18,5.986761212767419e-05
2023-04-19,6.074405476253536e-05
2023-04-20,5.7177076765614364e-05
2023-04-21,5.7177076765614364e-05
2023-04-24,5.927070975368005e-05
2023-04-25,6.149643660058467e-05
2023-04-26,9.166069386310287e-05
2023-04-27,7.295518824536947e-05
2023-04-28,0.00011451878866898813
2023-05-01,7.162646873916636e-05
2023-05-02,0.00015372597327938448
2023-05-03,7.764282336965018e-05
2023-05-04,6.59097340622939e-05
2023-05-05,8.438027343976516e-05
2023-05-08,6.778291113902098e-05
2023-05-09,6.496867248563378e-05
2023-05-10,7.31635770433326e-05
2023-05-11,6.876683711329657e-05
2023-05-12,5.765929066996314e-05
2023-05-15,5.7177076765614364e-05
2023-05-16,5.7177076765614364e-05
2023-05-17,5.869086588047897e-05
2023-05-18,5.927070975368005e-05
2023-05-19,6.171877648471284e-05
2023-05-22,6.103395011604577e-05
2023-05-23,5.878987896920799e-05
2023-05-24,6.71084234877845e-05
2023-05-25,6.612198862558823e-05
2023-05-26,8.243399753667645e-05
2023-05-30,6.362656589891516e-05
2023-05-31,6.066808514880555e-05
2023-06-01,5.986761212767419e-05
2023-06-02,6.446227749044958e-05
2023-06-05,6.09207784294908e-05
2023-06-06,6.088281591424053e-05
2023-06-07,6.275105374834118e-05
2023-06-08,6.678835277248872e-05
2023-06-09,5.7351573813136384e-05
2023-06-12,5.7177076765614364e-05
2023-06-13,5.7177076765614364e-05
2023-06-14,5.8144178041921874e-05
2023-06-15,5.869086588047897e-05
2023-06-16,5.7177076765614364e-05
2023-06-20,6.066808514880555e-05
2023-06-21,6.004210917519621e-05
2023-06-22,5.9049044067716446e-05
2023-06-23,5.8249462619619476e-05
2023-06-26,5.787154523325749e-05
2023-06-27,6.040244316784261e-05
2023-06-28,6.276676035747166e-05
2023-06-29,6.102319493772213e-05
2023-06-30,6.138140124253882e-05
2023-07-03,5.765843278843751e-05
2023-07-05,6.066808514880555e-05
2023-07-06,5.986761212767419e-05
2023-07-07,5.889640701314907e-05
2023-07-10,6.269303694348446e-05
2023-07-11,6.183682948335122e-05
2023-07-12,5.7177076765614364e-05
2023-07-13,5.7177076765614364e-05
2023-07-14,5.7177076765614364e-05
2023-07-17,5.7834514780881105e-05
2023-07-18,5.7177076765614364e-05
2023-07-19,5.7177076765614364e-05
2023-07-20,5.7177076765614364e-05
2023-07-21,5.7177076765614364e-05
2023-07-24,5.927070975368005e-05
2023-07-25,6.0003944723737365e-05
2023-07-26,5.7177076765614364e-05
2023-07-27,5.7177076765614364e-05
2023-07-28,5.7177076765614364e-05
2023-07-31,5.927070975368005e-05
2023-08-01,6.0591719053251054e-05
2023-08-02,6.076079793050969e-05
2023-08-03,7.883050226887855e-05
2023-08-04,6.59097340622939e-05
2023-08-07,8.164125463153141e-05
2023-08-08,6.395482610180805e-05
2023-08-09,6.982419508012892e-05
2023-08-10,5.754196838347607e-05
2023-08-11,5.9752923658028826e-05
2023-08-14,6.098106996131743e-05
2023-08-15,5.869086588047897e-05
2023-08-16,6.71084234877845e-05
2023-08-17,6.612198862558823e-05
2023-08-18,8.234305059482322e-05
2023-08-21,6.535850492800417e-05
2023-08-22,6.236981341413321e-05
2023-08-23,5.78009813935937e-05
2023-08-24,5.9967407798395045e-05
2023-08-25,8.65050664168543e-05
2023-08-28,6.860026942435372e-05
2023-08-29,8.27806441550215e-05
2023-08-30,6.291211806076465e-05
2023-08-31,7.037210613450933e-05
2023-09-01,6.275105374834118e-05
2023-09-05,6.722682978912928e-05
2023-09-06,5.7177076765614364e-05
2023-09-07,5.7351573813136384e-05
2023-09-08,5.9752923658028826e-05
2023-09-11,6.098106996131743e-05
2023-09-12,5.7177076765614364e-05
2023-09-13,5.7177076765614364e-05
2023-09-14,5.927070975368005e-05
2023-09-15,5.944714173707056e-05
2023-09-18,6.752270593621092e-05
2023-09-19,6.59097340622939e-05
2023-09-20,8.26238066724065e-05
2023-09-21,6.717225937773004e-05
2023-09-22,0.00010479518737832701
2023-09-25,7.292769647954938e-05
2023-09-26,0.00010508074122269874
2023-09-27,0.00010379010896825148
2023-09-28,8.064775618727992e-05
2023-09-29,9.710870285435239e-05
2023-10-02,6.80271902076483e-05
2023-10-03,8.977355950570283e-05
2023-10-04,7.780104984013229e-05
2023-10-05,6.59097340622939e-05
2023-10-06,8.15776996566162e-05
2023-10-09,6.289867786075927e-05
2023-10-10,7.111800891497272e-05
2023-10-11,5.986761212767419e-05
2023-10-12,5.8033257874675476e-05
2023-10-13,5.7177076765614364e-05
2023-10-16,5.9695922368040145e-05
2023-10-17,5.89450441666102e-05
2023-10-18,6.332540364880166e-05
2023-10-19,7.94114129356385e-05
2023-10-20,6.958906764791803e-05
2023-10-23,9.90323321046115e-05
2023-10-24,7.766335211810104e-05
2023-10-25,9.723701210551386e-05
2023-10-26,9.088659789405575e-05
2023-10-27,7.640650922160642e-05
2023-10-30,9.396141287809382e-05
2023-10-31,9.164236869314421e-05
2023-11-01,7.31633534536875e-05
2023-11-02,6.370533160773347e-05
2023-11-03,6.405442484687111e-05
2023-11-06,6.969390794450529e-05
2023-11-07,0.00015536679206503594
2023-11-08,6.859495976447502e-05
2023-11-09,5.7177076765614364e-05
2023-11-10,6.075832172836904e-05
2023-11-13,6.169354665591313e-05
2023-11-14,6.773772147434913e-05
2023-11-15,8.395698249230962e-05
2023-11-16,7.117061388236574e-05
2023-11-17,0.0001450138873826908
2023-11-20,6.859495976447502e-05
2023-11-21,5.7177076765614364e-05
2023-11-22,5.7177076765614364e-05
2023-11-24,5.7177076765614364e-05
2023-11-27,5.7177076765614364e-05
2023-11-28,5.7177076765614364e-05
2023-11-29,5.7177076765614364e-05
2023-11-30,5.7177076765614364e-05
2023-12-01,5.7177076765614364e-05
2023-12-04,5.7177076765614364e-05
2023-12-05,5.7177076765614364e-05
2023-12-06,5.904351552531728e-05
2023-12-07,5.765929066996314e-05
2023-12-08,5.7351573813136384e-05
2023-12-11,5.7896021123668755e-05
2023-12-12,5.7177076765614364e-05
2023-12-13,5.9967407798395045e-05
2023-12-14,5.7177076765614364e-05
2023-12-15,6.066808514880555e-05
2023-12-18,5.986761212767419e-05
2023-12-19,6.190919690284152e-05
2023-12-20,5.9967407798395045e-05
2023-12-21,9.315572599944684e-05
2023-12-22,6.59097340622939e-05
2023-12-26,9.142315692569647e-05
2023-12-27,7.478539638900731e-05
2023-12-28,7.338245175482843e-05
